# Generated by build_new_entries.py. Tatoeba sentences used, CC BY 2.0 FR: Polish id <TAB> author <TAB> English id <TAB> author. See https://tatoeba.org/sentences/show/<id>.
348626	zipangu	25579	Luornu
348634	zipangu	65540	CK
348657	zipangu	693485	Eldad
348659	zipangu	294303	CK
348710	zipangu	275677	Zifre
348774	zipangu	11078472	sundown
348789	zipangu	348790	zipangu
348818	zipangu	1434	awael58
348973	zipangu	438942	CK
348980	zipangu	392210	sysko
348983	zipangu	23000	kremel
348994	zipangu	1326	brauliobezerra
349021	zipangu	16492	CK
349033	zipangu	247347	CK
349072	zipangu	29459	kwes2
349142	zipangu	289492	CK
349183	zipangu	506445	rtomharper
349210	zipangu	324688	CK
349303	zipangu	296374	AlanF_US
349381	zipangu	257693	CK
349392	zipangu	27161	CK
349484	zipangu	291088	CK
349496	zipangu	33783	CN
349568	zipangu	320100	CK
349989	zipangu	433613	CK
350085	zipangu	276816	CM
350742	zipangu	17101	CK
350749	zipangu	25000	CK
350895	zipangu	40372	AlanF_US
351323	zipangu	2425	CK
351384	zipangu	48411	CK
351530	zipangu	351452	human600
351909	zipangu	22815	Dejo
351945	zipangu	351798	human600
351998	zipangu	29049	CK
352261	zipangu	40137	CK
352266	zipangu	1250346	sacredceltic
352376	zipangu	50004	human600
352400	zipangu	1396369	CK
352445	zipangu	26042	CK
352631	zipangu	852603	ignacy130
352633	zipangu	288769	royhuggins
352645	zipangu	532669	wma
352721	zipangu	294857	CK
352734	zipangu	60847	CK
352746	zipangu	273070	CK
352849	zipangu	295255	CK
352927	zipangu	256916	AlanF_US
352956	zipangu	59655	Jesse
353111	zipangu	251301	\N
353144	zipangu	251137	darckense
353178	zipangu	26344	kebukebu
353890	zipangu	246030	CM
353980	zipangu	5241605	cinqhiboux
353990	zipangu	34900	CS
354024	zipangu	674387	yessoos
354037	zipangu	8160596	TheNightAvl
354090	zipangu	266562	\N
354666	zipangu	354503	plover
354676	zipangu	354563	plover
355223	zipangu	305354	\N
355255	zipangu	251140	human600
355296	zipangu	21093	CM
355388	zipangu	37007	CK
355440	zipangu	282512	\N
355500	zipangu	436449	lukaszpp
355512	zipangu	7811780	Goatstein
355571	zipangu	325274	CK
355575	zipangu	13628574	araneo
355578	zipangu	271889	\N
355703	zipangu	55130	CM
355708	zipangu	58026	CK
355780	zipangu	316351	CK
355807	zipangu	240742	CM
355813	zipangu	324133	AlanF_US
355822	zipangu	30212	CK
355830	zipangu	259633	\N
355927	zipangu	306892	CM
355968	zipangu	246865	al_ex_an_der
355969	zipangu	272084	papabear
355970	zipangu	29995	CM
355974	zipangu	268525	\N
356345	lukaszpp	37516	\N
356357	lukaszpp	72379	\N
356358	lukaszpp	58610	CK
356360	lukaszpp	16698	CK
356363	lukaszpp	24350	CK
356364	lukaszpp	30549	lukaszpp
356404	zipangu	320326	CK
356467	zipangu	289532	halfb1t
356535	zipangu	27152	Luornu
356561	zipangu	280616	Zifre
356895	zipangu	50141	CK
356953	zipangu	249726	CK
356955	zipangu	64964	\N
356962	zipangu	54675	\N
356964	zipangu	1622	CK
356982	zipangu	309561	CM
357000	zipangu	44785	\N
357062	zipangu	6197684	sundown
357071	zipangu	312422	CK
357232	zipangu	52855	CM
357237	zipangu	278894	CK
357349	zipangu	39192	Kat
357359	zipangu	12105978	sundown
357421	zipangu	488202	saasmath
357428	zipangu	239815	CK
357571	zipangu	51119	CK
357609	zipangu	6146143	sundown
357700	zipangu	306444	Dejo
357716	zipangu	267452	CK
357832	zipangu	12105977	sundown
357886	zipangu	761865	Zifre
357961	zipangu	278952	\N
357969	zipangu	238145	\N
358005	zipangu	357889	lugal
358036	zipangu	49112	CM
358043	zipangu	269475	\N
358044	zipangu	57784	\N
358912	zipangu	62800	CK
358922	zipangu	319569	\N
359168	zipangu	8160665	TheNightAvl
359267	zipangu	8160635	TheNightAvl
359270	zipangu	48465	CK
359331	zipangu	279808	CK
359350	zipangu	251281	corbinjurgens
359374	zipangu	251775	CK
359778	zipangu	278205	fekundulo
359780	zipangu	73051	\N
359827	zipangu	12037570	sundown
359858	zipangu	60410	CM
359934	zipangu	60953	CM
359986	zipangu	258125	\N
360015	zipangu	17113	CK
360055	zipangu	252038	CK
360144	zipangu	8160115	TheNightAvl
360177	zipangu	313716	CK
360274	zipangu	495624	FeuDRenais
360426	zipangu	273508	CM
360488	zipangu	240888	CK
360512	zipangu	319417	\N
360990	zipangu	7703134	deniko
361046	zipangu	29182	al_ex_an_der
361161	zipangu	256553	CK
361169	zipangu	259923	CK
361247	zipangu	25158	CK
361251	zipangu	73461	CK
361261	zipangu	11821630	sundown
361771	zipangu	12113346	sundown
361874	zipangu	1391	brauliobezerra
361898	zipangu	268087	CM
361997	zipangu	257885	CK
362005	zipangu	945078	CK
362023	zipangu	244157	CK
362072	zipangu	278083	\N
362377	zipangu	6209007	sundown
362468	zipangu	288557	Dejo
362518	zipangu	58407	CK
362566	zipangu	262052	CK
362569	zipangu	270332	Zifre
362832	zipangu	326543	\N
362873	zipangu	58108	CK
362892	zipangu	58979	CM
362932	zipangu	56006	Eldad
362934	zipangu	268164	CK
362952	zipangu	57164	CN
362956	zipangu	23108	papabear
362976	zipangu	244132	CK
363008	zipangu	246762	mamat
363010	zipangu	58398	CC
363073	zipangu	23918	Dejo
363119	zipangu	302565	CM
363138	zipangu	279972	CK
363143	zipangu	306470	CM
363146	zipangu	299738	CK
363169	zipangu	60450	AlanF_US
363227	zipangu	20746	shekitten
363521	zipangu	240515	CM
363537	zipangu	294900	CK
363606	zipangu	41146	CK
363642	zipangu	325564	CM
363692	zipangu	290693	Wolf
363732	zipangu	53421	sundown
363733	zipangu	23885	Dejo
363796	zipangu	258977	\N
363797	zipangu	46703	Zifre
363810	zipangu	328712	fcbond
363834	zipangu	63240	CK
364047	zipangu	674445	yessoos
364156	zipangu	285575	CK
364157	zipangu	42841	CK
364246	zipangu	46575	CK
364519	zipangu	35357	CK
364575	zipangu	308819	CM
364629	zipangu	237912	CK
364630	zipangu	246148	Swift
364631	zipangu	23993	Dejo
364635	zipangu	280463	CM
364651	zipangu	316110	sundown
364686	zipangu	62138	gall
364707	zipangu	325958	CK
364709	zipangu	272083	CK
364715	zipangu	47229	\N
364769	zipangu	58599	CM
364771	zipangu	302103	sundown
364804	zipangu	32543	CN
364834	zipangu	340222	fajro
364902	zipangu	66380	CM
364903	zipangu	240814	\N
365052	zipangu	308961	CK
365084	zipangu	275719	CM
365095	zipangu	320646	CK
365141	zipangu	23228	CK
365144	zipangu	471876	blay_paul
365154	zipangu	35614	CK
365155	zipangu	387470	CK
365179	zipangu	243945	\N
365185	zipangu	1564	adjusting
365206	zipangu	324292	\N
365209	zipangu	34953	CK
365216	zipangu	239629	papabear
365238	zipangu	26403	CK
365289	zipangu	284368	\N
365290	zipangu	281110	CK
365314	zipangu	21325	CK
365351	zipangu	270783	CC
365413	zipangu	20214	fishda
365418	zipangu	243171	CK
365435	zipangu	286422	CM
365438	zipangu	275247	CK
365492	zipangu	244753	CK
365606	zipangu	278217	kebukebu
365653	zipangu	247398	CK
365724	zipangu	249759	CK
365779	zipangu	279051	shekitten
365782	zipangu	318730	Zifre
366147	zipangu	57472	\N
366164	zipangu	299440	blay_paul
366177	zipangu	56588	CK
366181	zipangu	6199519	sundown
366192	zipangu	301339	CK
366193	zipangu	16028	CK
366224	zipangu	261578	xtofu80
366254	zipangu	286767	fcbond
366267	zipangu	19407	CK
366268	zipangu	323805	CK
366278	zipangu	293538	CK
366279	zipangu	293369	CN
366296	zipangu	257547	CN
366472	zipangu	268253	araneo
366562	zipangu	315253	CM
366563	zipangu	48976	CM
366592	zipangu	25649	CK
366657	zipangu	268032	CK
366670	zipangu	270948	CK
366692	zipangu	46533	CK
366707	zipangu	72703	CK
366712	zipangu	60921	CN
366789	zipangu	65702	CK
366793	zipangu	315605	CK
366950	zipangu	72451	magnificentgoddess
366973	zipangu	289105	CM
367137	zipangu	60257	\N
367139	zipangu	263879	\N
367152	zipangu	367117	blay_paul
367157	zipangu	316613	\N
367159	zipangu	38451	CM
367301	zipangu	300718	CK
367318	zipangu	38430	AlanF_US
367319	zipangu	27942	CK
367595	zipangu	2658046	Joseph
367612	zipangu	6166519	\N
367651	zipangu	66020	CK
367681	zipangu	37153	CK
367709	zipangu	322685	CM
367727	zipangu	367526	MUIRIEL
367730	zipangu	252796	CK
367736	zipangu	263374	CK
367853	zipangu	56413	\N
367855	zipangu	294891	CK
367856	zipangu	367852	blay_paul
368032	zipangu	367999	Blaz
368039	zipangu	59755	Zifre
368059	lukaszpp	54879	\N
368406	zipangu	54833	CK
368424	zipangu	245507	Zifre
368449	zipangu	63288	lilygilder
368476	zipangu	68687	CK
369059	zipangu	432878	aliene
369092	zipangu	61234	CK
372458	ilayde	256523	CK
382417	Dorenda	413820	Dorenda
384505	Dorenda	31376	CK
386547	lukesh	56315	CM
387131	orzage	37972	Swift
388547	lukesh	302194	\N
388549	lukesh	239077	CM
392990	kertoip	272212	CK
393016	kertoip	58339	AlanF_US
393033	kertoip	265571	CK
393055	kertoip	270060	witbrock
393086	kertoip	39629	CM
393284	kertoip	245963	CK
393310	kertoip	27732	Swift
393316	kertoip	20826	AlanF_US
395353	kertoip	430056	witbrock
395360	kertoip	279316	\N
401171	zipangu	35607	CN
402710	zipangu	138727	Ramses
403222	zipangu	307715	CK
403724	zipangu	392344	YeshuaC
404022	zipangu	44195	CK
406682	Dorenda	70623	frpzzd
415356	zipangu	324392	CK
416498	zipangu	10756040	hecko
429422	esperanto	9672556	Nylez
433091	amiko23	30545	CK
440495	zipangu	440110	CM
440574	zipangu	300808	CK
440597	zipangu	258187	autuno
440658	esperanto	397570	FeuDRenais
441202	esperanto	11917630	Atversch
448813	zipangu	290474	CM
448824	zipangu	238928	\N
448827	zipangu	310700	\N
450221	zipangu	958908	CM
451084	gregloby	407860	blay_paul
451122	gregloby	241329	voxbubnya
457343	gregloby	456631	lukaszpp
457367	gregloby	456497	lukaszpp
457390	gregloby	456475	lukaszpp
457399	gregloby	456419	lukaszpp
457420	gregloby	450668	sundown
457697	zipangu	291208	CM
458083	zipangu	277221	CK
458566	lukaszpp	20056	CK
458576	lukaszpp	46436	\N
459107	gregloby	436433	lukaszpp
459924	zipangu	34187	CK
461081	zipangu	455353	CM
479962	ignacy130	44539	\N
479998	ignacy130	54123	CM
480003	ignacy130	261721	CK
480012	ignacy130	275489	\N
480028	ignacy130	253151	CK
480061	ignacy130	60323	CK
482737	Kate	45877	CH
484619	ignacy130	483917	minshirui
497382	lukaszpp	434662	lukaszpp
502022	zipangu	1308107	CK
502268	mwgamera	497303	CM
502861	zipangu	386832	\N
505588	zipangu	64821	CK
510069	zipangu	257529	CC
510109	zipangu	418854	FeuDRenais
516494	zipangu	3302784	dibdin
521158	zipangu	463210	lukaszpp
521279	zipangu	520990	darinmex
521324	zipangu	322091	CK
522831	zipangu	262409	sundown
524042	Bilberry	25507	speedwell
524093	Bilberry	462430	lukaszpp
524367	newton	270703	Eldad
524393	Decius	1875	Swift
524414	Decius	523817	\N
524563	pavpi	71337	CM
524566	pavpi	490668	CK
524583	Stark	288903	piterkeo
524588	pavpi	251311	CK
524613	Stark	304899	CK
524626	Stark	305830	CK
524632	Stark	44438	Dejo
524647	Stark	18516	CK
524734	Decius	519105	blay_paul
524788	Pacio	263137	CK
524920	Pacio	270818	CK
524933	Pacio	267981	CK
524941	Pacio	1329	brauliobezerra
524952	Pacio	50230	CM
524958	Pacio	39944	Swift
524971	Pacio	258811	CK
524978	Pacio	280647	CM
525077	Pacio	45131	CK
525092	Pacio	296114	CK
525124	Pacio	307067	sundown
525160	Pacio	2092	Swift
525173	Pacio	2168	CK
525221	Pacio	22780	CC
525227	Pacio	41492	CM
525250	thorin	253513	\N
525562	Stark	326095	CK
525567	Stark	242315	CK
525593	Stark	267400	sundown
525599	Stark	319223	CK
525768	marines	525757	CK
525907	darooo	48273	CM
526045	jadzka	59449	CK
526163	jadzka	323785	CK
526183	jadzka	23191	Swift
526198	jadzka	60896	Eldad
526205	jadzka	66186	CK
526325	darooo	266494	CM
526338	darooo	313592	CM
526340	darooo	306958	CM
526345	darooo	25844	CK
526469	Pacio	1654	CK
526492	Pacio	1673	CK
526696	Pacio	1756	Swift
526759	Pacio	1794	bmorsello
526827	Pacio	1833	AlanF_US
526877	Pacio	1846	Zifre
526933	jadzka	288070	CK
526954	jadzka	19112	CK
526957	jadzka	435250	aliene
527261	marines	60672	CK
527267	marines	246319	lilygilder
527268	marines	373215	kotobaboke
527340	Wimmer	528527	fanty
527353	Wimmer	528513	fanty
527528	aseeon	57280	CK
527538	zipangu	4931173	Jesse
527564	aseeon	460354	jeanne
527577	aseeon	426384	CM
527585	aseeon	264111	\N
527764	Wimmer	2126	jakov
528012	Dany74PL	319473	\N
528428	wariat	62113	\N
528462	wariat	257158	CC
529282	Wimmer	57676	Eldad
529549	Bilberry	297678	CM
529637	orzechowski	237662	sundown
529660	orzechowski	375813	blay_paul
530474	Dany74PL	51554	Zifre
530582	Bilberry	46041	\N
531121	Dany74PL	37152	CK
531207	borys	22976	CN
531238	borys	49345	CK
531507	orzechowski	37521	CK
531594	orzechowski	52088	CK
531852	cps	309355	\N
532108	zipangu	42067	CK
532165	Wimmer	266506	CM
532312	paulina	46266	CK
532318	paulina	328356	fcbond
532329	paulina	531607	wma
532748	zipangu	295273	nickyeow
532931	sapper	240166	CK
532945	sapper	254898	CK
532971	sapper	430438	FeuDRenais
533480	cps	533479	cps
533670	zipangu	65767	CK
536147	zipangu	312045	sacredceltic
536342	pavpi	302655	CK
536346	pavpi	387579	Mouseneb
536532	zipangu	674511	yessoos
536926	Bilberry	49018	CK
537215	Bilberry	39389	CK
538548	Bilberry	51813	CM
538553	Bilberry	247811	CN
538645	Bilberry	40177	sundown
538655	Bilberry	292100	CC
538688	Bilberry	239714	CM
538696	Bilberry	309009	\N
538943	Bilberry	35466	CK
538948	Bilberry	16919	CK
538955	Bilberry	60704	\N
538971	Bilberry	268413	CK
539346	Bilberry	266773	CK
539727	Bilberry	251093	\N
539795	Bilberry	271735	Jesse
539854	Bilberry	44649	CM
539928	Bilberry	268660	CK
540108	Bilberry	60622	CK
540112	Bilberry	430640	Scott
540622	zipangu	43098	CK
541037	Bilberry	35520	spockofvulcan
541057	Bilberry	284992	CK
544544	pwl	433474	CK
544752	orzechowski	3508041	AlanF_US
545344	Bilberry	264041	CK
545380	Bilberry	328683	fcbond
546278	Bilberry	519434	darinmex
546416	Bilberry	44029	\N
547311	Bilberry	324159	\N
547327	Bilberry	300207	CK
547699	Bilberry	435575	CK
547701	Bilberry	433502	CK
549977	Bilberry	252672	CK
550366	Bilberry	16486	CK
550655	Bilberry	435193	CK
550684	Bilberry	406626	CK
550888	lukaszpp	436493	lukaszpp
551571	zipangu	551384	darinmex
552190	Bilberry	416367	phrasemix
552920	Bilberry	435595	CN
552965	Bilberry	55752	CK
553184	Bilberry	387459	CN
553598	Bilberry	275897	orcrist
555293	Bilberry	555289	FeuDRenais
555322	Bilberry	555318	Bilberry
555367	zipangu	555099	FeuDRenais
556039	Bilberry	442130	CK
557002	Bilberry	410776	CK
557379	Bilberry	413821	CK
557726	orzechowski	1954273	CK
558460	Bilberry	388631	CK
558475	Bilberry	311901	CK
559457	Bilberry	449023	CK
560507	Bilberry	241051	CK
560863	Bilberry	33563	CK
561575	Bilberry	321552	CK
561595	Bilberry	66787	sacredceltic
561624	Bilberry	303728	CM
562244	Bilberry	29445	Dejo
563943	Bilberry	489908	CN
564780	Bilberry	433729	CK
566169	zipangu	322083	CK
566491	Bilberry	65918	CK
566814	Bilberry	433859	CK
567010	Bilberry	263667	CK
567018	Bilberry	31683	CK
570321	marines	376336	saeb
570471	Bilberry	30142	CK
570486	Bilberry	63093	papabear
570949	marines	320859	\N
570955	marines	306473	CK
571109	Bilberry	290087	CK
571116	Bilberry	403607	CK
571995	Bilberry	294075	CK
579153	Bilberry	25544	CK
579179	Bilberry	303414	CK
579884	Bilberry	314411	CK
581336	zipangu	8920134	sundown
582170	Bilberry	46534	Eldad
585528	Bilberry	16973	papabear
585827	Bilberry	16945	CK
588390	orzechowski	41572	CK
588422	Bilberry	28454	CK
589185	Bilberry	289496	CK
590941	buari	39027	CK
591045	zipangu	264247	\N
591382	buari	433423	CK
593056	simaqian	73455	\N
593070	simaqian	250421	CM
593074	simaqian	20804	shekitten
593130	buari	593102	CK
593181	simaqian	300355	CS
593533	buari	588355	CK
593548	buari	588278	Shoyren
593937	simaqian	284002	CK
593996	simaqian	39934	\N
594802	simaqian	21838	CK
594815	simaqian	245093	\N
597698	simaqian	280474	Jesse
597809	buari	597456	FeuDRenais
597880	Bilberry	62326	CM
598272	Bilberry	244709	CK
599888	Bilberry	17560	CK
599976	Bilberry	72640	AlanF_US
600285	Bilberry	449020	CK
600395	simaqian	9192778	sundown
600674	buari	1352	Zifre
600687	buari	1381	Sbgodin
600698	buari	1461	CK
600705	buari	1466	Zifre
600731	buari	1552	kebukebu
600782	simaqian	240898	CK
601735	simaqian	10193224	sundown
602948	Bilberry	31989	CN
603057	simaqian	63822	CK
603476	buari	603455	CK
604513	buari	249095	CK
605902	buari	65192	CK
608571	simaqian	8263364	sundown
608597	simaqian	13804852	Oktopusek
608607	simaqian	73642	Eldad
608667	Bilberry	20803	CK
609403	simaqian	3302824	dibdin
609472	simaqian	1834013	matchai
609986	simaqian	609976	AlanF_US
610797	Bilberry	2094786	CK
611697	simaqian	318976	CK
611698	simaqian	23176	CK
620830	zipangu	620820	ulyssemc1
624832	Bilberry	32358	CK
626648	Bilberry	539834	CK
629894	zipangu	21900	CK
631444	zipangu	641101	CM
631646	Bilberry	61969	CK
635815	zipangu	250854	BE
640260	Bilberry	276637	\N
659100	SilvX	287712	CK
659220	SilvX	300476	CK
663840	zipangu	663782	bluepie88
665324	Bilberry	61423	\N
668975	Bilberry	63714	CK
669060	Bilberry	65643	\N
669597	Bilberry	263899	\N
669633	Bilberry	309950	\N
669694	Bilberry	20682	mamat
670401	zipangu	258642	CM
670841	Bilberry	670834	CM
674639	yessoos	674133	AlanF_US
674671	yessoos	673775	CK
674683	yessoos	673756	darinmex
674700	yessoos	673309	darinmex
674705	yessoos	673304	darinmex
674714	yessoos	673269	darinmex
674863	Marcin	375822	megamanenm
676706	yessoos	284950	CK
676761	yessoos	2248	AlanF_US
676804	yessoos	286994	CK
676808	yessoos	61591	\N
676832	yessoos	30598	AlanF_US
676834	yessoos	239118	CK
676836	yessoos	496617	darinmex
676855	yessoos	238170	CK
676856	yessoos	238170	CK
676880	yessoos	274325	\N
683339	esperanto	842220	Espi
683794	jarekbydg	247158	CK
709293	zipangu	709241	Zifre
711021	zipangu	710926	darinmex
711030	zipangu	711032	zipangu
712360	zipangu	48419	Zifre
712411	zipangu	6148	Zifre
715319	qdii	715310	qdii
716033	hanaYT	434242	lukaszpp
716771	zipangu	28940	CK
718974	zipangu	10600670	sundown
718980	zipangu	238360	CK
720337	zipangu	720336	zipangu
722134	zipangu	286402	\N
722141	zipangu	298806	\N
726656	orzechowski	698871	papabear
728421	zipangu	270372	CK
728583	zipangu	307522	CK
730581	zipangu	730312	sundown
731990	zipangu	269439	sundown
732957	zipangu	72606	CK
733019	zipangu	421692	blay_paul
734278	zipangu	294258	mutskt
735598	zipangu	735271	eastasiastudent
735863	zipangu	242208	sundown
735894	zipangu	735891	zipangu
736844	zipangu	282715	CK
742366	zipangu	8159986	TheNightAvl
743198	zipangu	10465887	hecko
745349	zipangu	2111913	CK
745529	zipangu	54993	CK
751109	miku	267895	CM
751768	zipangu	4950765	CK
753876	zipangu	305769	CM
754269	zipangu	754270	zipangu
756533	zipangu	755861	CN
756914	zipangu	57673	\N
756963	zipangu	19528	CK
760280	zipangu	327591	CK
760295	zipangu	327425	CK
760301	zipangu	310034	CK
760331	zipangu	564481	CM
766100	zipangu	324325	CM
766146	zipangu	766008	eastasiastudent
766543	zipangu	318313	CK
768745	zipangu	372064	saeb
771742	zipangu	324145	CK
771777	zipangu	270709	mamat
775916	lde	680688	Source_VOA
776314	lde	320056	CN
776319	lde	2382	Zifre
777723	lde	682015	Source_VOA
787754	damc	317799	sundown
787793	damc	31381	CK
787813	damc	63296	CK
788083	damc	287066	CK
789027	damc	282958	sacredceltic
792402	zipangu	792399	CK
814572	zipangu	65559	CK
814586	zipangu	700476	Zifre
818010	zipangu	1890914	CK
818773	zipangu	49958	\N
820808	zipangu	36613	CK
821081	zipangu	11396603	sundown
823851	zipangu	248940	CM
826562	zipangu	259033	\N
826687	customic	60263	CK
830381	zipangu	7895050	helloroto
830443	zipangu	929177	\N
830513	zipangu	262575	CM
831852	zipangu	275138	CK
832615	zipangu	60954	CM
837065	zipangu	836935	darinmex
837869	zipangu	1500180	CK
840186	zipangu	310275	CM
840195	zipangu	3600785	dibdin
840201	zipangu	3600790	dibdin
840227	zipangu	3600804	dibdin
840267	zipangu	840112	papabear
849136	marloncori	8160716	TheNightAvl
856184	zipangu	813090	papabear
856200	zipangu	11157144	sundown
856214	zipangu	805350	Source_VOA
856454	ignacy130	278478	CK
856457	ignacy130	35261	CK
859041	zipangu	853932	piksea
863490	miku	302390	CK
864109	zipangu	1308	brauliobezerra
868033	Igliwie	238107	CK
875520	kule	293105	\N
875537	kule	28910	CK
875880	kule	24417	Zifre
875907	kule	732163	Eldad
877682	kule	611374	CN
881968	Fengyi	12486286	sundown
882644	Fengyi	28762	Delian
882885	zipangu	882876	\N
897895	konradutkowski	236777	CM
898737	zipangu	898588	CK
898817	zipangu	40326	Swift
899415	zipangu	899409	rul
900910	zipangu	43998	CK
900912	zipangu	43998	CK
900984	zipangu	710797	CM
904517	zipangu	723194	darinmex
905948	zipangu	9997025	sundown
908778	zipangu	908752	CK
909247	zipangu	16568	Zifre
911533	lukaszpp	266274	\N
911544	lukaszpp	803074	Source_VOA
911553	lukaszpp	296136	CK
914972	zipangu	507390	CK
915153	zipangu	906976	CK
919650	zipangu	316782	CK
919776	zipangu	277046	LowMemory
919869	zipangu	919861	CK
921379	zipangu	921264	sacredceltic
921401	zipangu	309667	CM
921431	zipangu	26666	Zifre
923030	zipangu	923028	Scott
923031	zipangu	922945	aaronibus62
923309	endlesspool	300296	\N
925747	zipangu	27060	CK
925847	zipangu	280686	CK
925893	zipangu	257058	CK
930259	zipangu	305518	CK
935239	zipangu	46263	sundown
935871	zipangu	681672	Source_VOA
936028	zipangu	380794	MUIRIEL
944242	zipangu	11564236	carlosalberto
945800	zipangu	9149575	sundown
945849	zipangu	945654	darinmex
947917	zipangu	10022146	sundown
951196	zipangu	950348	darinmex
952152	zipangu	950936	darinmex
952163	zipangu	320022	CK
956980	zipangu	18924	Swift
957024	zipangu	953074	CK
957037	zipangu	953080	CK
957096	zipangu	953108	CK
959063	zipangu	958833	FeuDRenais2
959146	zipangu	953128	CK
959155	zipangu	953134	CK
959185	zipangu	953147	CK
959193	zipangu	954565	CK
959247	zipangu	953163	CK
959530	zipangu	953177	CK
959664	zipangu	953220	CK
959747	zipangu	953247	CK
959801	zipangu	953258	CK
959810	zipangu	6210533	sundown
960733	zipangu	6316459	sundown
960893	zipangu	953296	CK
960958	zipangu	953318	CK
960960	zipangu	953320	CK
961003	zipangu	953330	CK
961012	zipangu	953333	CK
961047	zipangu	953342	CK
961506	zipangu	953359	CK
961550	zipangu	953375	CK
964425	zipangu	953382	CK
964433	zipangu	953384	CK
964439	zipangu	953384	CK
964498	zipangu	953389	CK
965085	zipangu	953436	CK
965180	zipangu	953440	CK
966993	zipangu	953539	CK
967037	zipangu	953572	CK
968889	zipangu	953604	CK
969014	zipangu	12140961	sundown
969718	zipangu	953653	CK
969853	zipangu	953663	CK
969858	zipangu	953667	CK
970267	zipangu	804220	Source_VOA
970508	zipangu	953709	CK
970510	zipangu	953709	CK
970532	zipangu	953718	CK
970780	zipangu	970779	\N
970981	zipangu	953751	CK
972892	zipangu	953765	CK
973089	zipangu	953777	CK
973105	zipangu	953790	CK
975040	zipangu	953871	CK
975864	zipangu	953910	CK
975966	zipangu	975925	Ronin1134
975992	zipangu	953928	CK
980199	silvermane	327119	\N
980220	silvermane	263805	AlanF_US
980249	silvermane	325628	CM
982476	zipangu	805311	Source_VOA
982508	zipangu	805349	Source_VOA
982532	zipangu	954003	CK
982533	zipangu	954004	CK
984685	zipangu	313993	CK
987536	zipangu	954040	CK
987550	zipangu	6029383	Huskion
989368	zipangu	954074	CK
989370	zipangu	954076	CK
989402	zipangu	682143	Source_VOA
989509	zipangu	954106	CK
991228	zipangu	323614	CK
991232	zipangu	23829	CK
991278	zipangu	954151	CK
991320	zipangu	954165	CK
997151	zipangu	954193	CK
997615	zipangu	954201	CK
997659	zipangu	554326	FeuDRenais
997683	zipangu	10472223	hecko
997708	zipangu	954210	CK
997720	zipangu	954214	CK
998601	zipangu	682197	Source_VOA
998604	zipangu	998430	Brian255
998710	zipangu	954227	CK
998756	zipangu	805280	Source_VOA
999162	zipangu	998984	ellasevia
999176	zipangu	999010	ellasevia
999303	zipangu	954258	CK
999310	zipangu	954260	CK
999319	zipangu	16841	iamgrim
999374	zipangu	954267	CK
999382	zipangu	318260	AlanF_US
999388	zipangu	954272	CK
1000636	zipangu	954287	CK
1002556	zipangu	692207	Riskemulo
1002590	zipangu	1001618	Brian255
1002653	ignacy130	38569	CK
1002655	ignacy130	69644	CK
1002658	ignacy130	511934	blay_paul
1002662	ignacy130	41000	CK
1002663	ignacy130	710944	darinmex
1002670	zipangu	434166	lukaszpp
1002672	ignacy130	460341	blay_paul
1002673	zipangu	1042312	yessoos
1002681	zipangu	885468	shekitten
1002685	ignacy130	298042	CK
1002697	zipangu	1042309	yessoos
1002698	zipangu	954310	CK
1002947	zipangu	449651	Deerhound
1002978	zipangu	1002983	zipangu
1003763	Mateusz	269265	CM
1003766	Mateusz	70816	CK
1005021	Mateusz	1042289	yessoos
1007655	Goracykabanos	63396	CN
1009459	zipangu	1009265	AOCinJAPAN
1014364	Goracykabanos	1042280	yessoos
1014381	Goracykabanos	30967	gin
1014404	Goracykabanos	1042223	yessoos
1042188	yessoos	1042140	Eldad
1042213	yessoos	1040741	CK
1046560	Larin	249684	CK
1046564	Larin	248694	CK
1048706	Larin	277601	CK
1048707	Larin	277602	CC
1051158	Larin	297770	\N
1058571	Larin	866886	avenelanna
1059621	Karola	324788	CM
1059637	Karola	316122	\N
1059696	Karola	319133	CM
1059709	Karola	1024724	CK
1059713	Karola	283564	CM
1059734	Karola	61613	\N
1059786	Karola	13804869	Oktopusek
1059790	Karola	56626	CK
1059822	Karola	261485	\N
1059824	Karola	858969	piksea
1059864	Karola	16665	Zifre
1065874	Bilberry	942331	spockofvulcan
1065876	lukaszpp	436999	lukaszpp
1067123	lukaszpp	687696	lukaszpp
1069624	alembik	39635	CK
1085461	Larin	264215	CK
1085590	esperanta	11200221	sundown
1090698	hebrajska	251216	CK
1090705	hebrajska	319321	CK
1108486	mcfs	34174	CN
1109960	Deasmond	25724	CK
1110134	sansa	280010	CK
1110159	sansa	67421	shekitten
1110197	sansa	247029	CK
1110235	sansa	54328	Zifre
1110237	sansa	2006355	kerbear407
1110267	sansa	1110089	Scott
1111624	sansa	302607	CK
1111629	sansa	49730	CM
1112122	hebrajska	691357	Eldad
1112248	hebrajska	456051	lukaszpp
1112933	hebrajska	269333	CM
1113014	sansa	61164	shekitten
1114982	Deasmond	413788	Scott
1117366	hebrajska	779886	Shishir
1117987	hebrajska	256178	CK
1118621	hebrajska	8160625	TheNightAvl
1119095	hebrajska	1435901	caspian
1119125	hebrajska	17622	Swift
1122913	hebrajska	255197	CK
1122974	hebrajska	321985	CK
1133601	zipangu	53381	\N
1137859	Bilberry	73745	CK
1152468	hebrajska	269655	CK
1152508	hebrajska	277807	Eldad
1160620	Roddern	50346	Roddern
1160634	Roddern	240958	CM
1160706	Roddern	1116333	CK
1165122	Karola	16289	brauliobezerra
1165124	Karola	16291	CK
1165211	Karola	286170	CK
1165213	Karola	286885	CM
1165216	Karola	67505	CM
1165219	Karola	37732	mailohilohi
1165229	Karola	289634	CK
1165232	Karola	887055	CK
1165267	Karola	283553	CM
1165272	Karola	437093	lukaszpp
1165275	Karola	567795	darinmex
1165278	Karola	294697	CK
1165279	Karola	237968	CK
1165280	Karola	304197	CK
1165284	Karola	281614	CK
1166341	Karola	305023	CM
1166345	Karola	305025	bluepie88
1168595	Karola	7656	Swift
1170240	sam	6136	CM
1170241	sam	62768	mervert1
1170255	hebrajska	284451	CK
1170315	sam	20851	CK
1170317	sam	1491654	fanty
1170340	sam	27886	CK
1170346	sam	28152	CK
1170357	perry	462568	lukaszpp
1176384	Ptr	277230	CM
1176392	Ptr	302507	CK
1176421	Ptr	289388	sundown
1176437	Ptr	273052	CK
1176473	Ptr	277512	\N
1176719	Ptr	286148	\N
1177837	Ptr	47221	CM
1180305	Ptr	247146	CK
1180480	Ptr	1126684	CK
1180488	Ptr	62095	sundown
1180619	Ptr	437037	lukaszpp
1181224	perry	58961	CK
1181520	Ptr	44904	CK
1181570	perry	288491	CK
1182125	Ptr	33916	CK
1182216	Ptr	24409	auxitt
1182222	Ptr	255956	CK
1182256	Ptr	671625	darinmex
1182827	sam	318456	\N
1185402	Ptr	58927	edelyn90
1185405	Ptr	273223	CM
1185416	Ptr	1024070	CK
1186460	Ptr	70942	CK
1188468	Ptr	32820	CK
1189092	hebrajska	276287	Eldad
1189463	hebrajska	239721	jakov
1192976	perry	399019	Eldad
1201433	Ptr	292587	CK
1202825	perry	24044	CK
1205992	lukaszpp	462716	lukaszpp
1207307	hebrajska	1206615	Eldad
1215229	esperio	252499	\N
1215578	meh	303274	CK
1220879	StanislawMandrak	1480965	pigeonenglish
1221640	k4lafior	436096	Clavain
1222293	Ptr	266611	CK
1222306	Ptr	68083	CK
1233571	Ptr	1137411	CK
1240685	hebrajska	2345890	everylanguage
1258119	malina	325217	CK
1258884	Bozy	1258687	CK
1259282	Bozy	1258357	CK
1259368	Bozy	1258246	marcelostockle
1266716	StanislawMandrak	291831	CK
1270108	Ptr	266244	CK
1270161	Ptr	22952	shekitten
1270171	Ptr	242749	CK
1270173	Ptr	64691	CM
1290280	Jahor	1290287	Eldad
1290580	Kamil	449699	peipei
1294175	Igliwie	692884	CM
1295645	Jahor	5275200	CarpeLanam
1307186	ihar	2083656	freddy1
1315252	Agnie	792302	shekitten
1324959	Agnie	1324912	nickyeow
1324982	Agnie	23236	CK
1330176	tomc	764185	darinmex
1347857	lumberpack	250933	CK
1348267	emtei	320828	CK
1348357	spam911	260851	AlanF_US
1348380	Ollie1337	33396	garynw
1348400	Ollie1337	1027345	CK
1348410	Ollie1337	306417	CK
1348418	Ollie1337	255952	CK
1348431	Ollie1337	47058	orcrist
1348470	Ollie1337	1265336	CK
1348580	pomek	269176	\N
1348594	pomek	314728	\N
1348598	pomek	48869	sundown
1348630	pomek	324062	\N
1348645	pomek	884439	\N
1348665	times	2756373	dryhay
1348721	Ollie1337	479127	\N
1348724	Ollie1337	681220	Source_VOA
1348832	times	1493434	CM
1348852	Ollie1337	307557	CK
1348880	Ollie1337	874049	papabear
1348901	Ollie1337	267959	adjusting
1348975	thefex	51639	\N
1348997	thefex	1093307	CK
1349089	Ollie1337	249218	CH
1349097	Geneza	687494	lukaszpp
1349098	Ollie1337	292528	CK
1349141	Ollie1337	319849	Zifre
1349147	Ollie1337	251127	CK
1349150	Ollie1337	880626	\N
1349210	Ollie1337	61188	Luornu
1349333	wolfi84	34847	CK
1350182	times	1492830	fanty
1350228	Ollie1337	26562	CK
1350268	Ollie1337	31481	CK
1350293	Ollie1337	27072	auxitt
1350296	Ollie1337	64057	Swift
1350303	Ollie1337	60864	CK
1350362	Ollie1337	70460	CM
1350364	Ollie1337	31311	CK
1350404	Ollie1337	67713	CK
1350511	Ollie1337	681208	Source_VOA
1350518	Ollie1337	1109121	CK
1350541	Ollie1337	477323	CK
1350683	Ollie1337	30830	CK
1350708	Ollie1337	292889	CK
1350764	Ollie1337	31348	sysko
1351118	Ollie1337	50558	CK
1351253	Ollie1337	314897	CK
1351325	Ollie1337	263325	CK
1351398	Ollie1337	303354	darinmex
1351423	Ollie1337	594348	CK
1351533	Ollie1337	67876	CM
1351542	Ollie1337	267792	CK
1351543	Ollie1337	1351541	marcelostockle
1351691	Ollie1337	273666	mccarras
1351697	Ollie1337	302810	kebukebu
1351700	Ollie1337	878357	sacredceltic
1351718	Ollie1337	34955	CK
1351745	Ollie1337	323502	CK
1351747	Ollie1337	1103231	supplementfacts
1351761	Ollie1337	906754	CK
1352079	Ollie1337	277496	CK
1352100	Ollie1337	45816	\N
1352116	Ollie1337	261115	CK
1352122	Ollie1337	681030	Source_VOA
1352124	Ollie1337	680649	Source_VOA
1352130	Ollie1337	68304	CK
1352139	Ollie1337	46153	CM
1352145	Ollie1337	307688	CK
1352148	Ollie1337	61025	CK
1352150	Ollie1337	805468	Source_VOA
1352181	Ollie1337	269991	\N
1352186	Ollie1337	1214872	eadbannon
1352232	Ollie1337	62377	CM
1353070	Ollie1337	1020526	mutskt
1353092	Ollie1337	65218	CK
1353200	Ollie1337	1069894	goksun
1353205	Ollie1337	807313	Source_VOA
1353282	Ollie1337	17822	AlanF_US
1353335	Ollie1337	18433	CK
1353350	Ollie1337	19422	CK
1353352	Ollie1337	19421	CK
1353354	Ollie1337	19356	CK
1353357	Ollie1337	19354	CK
1353371	Ollie1337	19883	RJH
1353440	Ollie1337	1300824	CK
1353443	Ollie1337	1274376	CK
1353449	Ollie1337	1256516	CK
1353461	Ollie1337	1212335	CK
1353484	Ollie1337	1186483	CK
1353487	Ollie1337	1177618	CK
1353521	Ollie1337	266925	CK
1353524	Ollie1337	265153	CK
1353592	Ollie1337	23139	CK
1353765	Ollie1337	284070	CK
1353794	Ollie1337	60068	\N
1353944	Ollie1337	273561	voxbubnya
1353957	Ollie1337	482283	adjusting
1353984	Ollie1337	245574	CK
1354097	Ollie1337	285286	CK
1354104	Ollie1337	70038	CC
1354134	Ollie1337	62307	al_ex_an_der
1354159	Ollie1337	249104	CK
1354196	Ollie1337	262623	\N
1354208	Ollie1337	303574	\N
1354238	Ollie1337	39406	Eldad
1354247	Ollie1337	255090	CK
1354281	Ollie1337	26938	CK
1354375	bbm	13048288	rul
1354562	bbm	11821605	sundown
1355047	bbm	1854	TRANG
1356612	bbm	36778	hamsolo474
1357109	times	1359580	starzykj
1357169	times	1605618	fanty
1357171	times	1359553	starzykj
1357197	times	1359546	starzykj
1357233	times	1356590	apglopez
1357241	times	1359538	starzykj
1358357	times	1359535	starzykj
1359740	starzykj	370712	saeb
1359745	starzykj	293155	CM
1359935	starzykj	58971	CK
1359961	starzykj	326424	CK
1359996	starzykj	45081	\N
1360010	starzykj	262419	sundown
1360012	starzykj	318446	CK
1361800	starzykj	681039	Source_VOA
1361823	starzykj	40000	CK
1369949	iustitia	1024667	CK
1393762	wojlo	43777	\N
1399613	croogie	1399611	croogie
1399768	croogie	1399771	croogie
1400068	croogie	1400044	croogie
1405241	iustitia	59507	CM
1412627	times	51465	\N
1416420	IPKISS	294678	CK
1430500	kosapehape	1441989	Eldad
1448234	liori	1448231	liori
1452243	Pandista	251220	CK
1452267	Pandista	305749	CK
1452278	Pandista	239026	\N
1452448	Pandista	320095	CK
1453212	Pandista	44502	Lumi_alt
1453217	Pandista	240294	\N
1453528	Pandista	252858	CM
1453592	Pandista	456361	lukaszpp
1453627	Pandista	322633	CK
1453665	Pandista	285565	CK
1453680	Pandista	1077657	keira_n
1453910	Pandista	275354	\N
1453945	Pandista	40061	CK
1454733	Pandista	37907	Delian
1454747	Pandista	1094059	CK
1456660	Pandista	30470	CK
1459759	Pandista	264068	CK
1459962	zipangu	1460065	MrShoval
1461440	Pandista	27920	CK
1462942	Pandista	52263	CK
1464304	Pandista	316134	CK
1465593	Pandista	1423397	Chrikaru
1465613	Pandista	320258	CM
1465649	Pandista	627425	CK
1465653	Pandista	10665368	sundown
1470648	Pandista	28008	CK
1470669	Pandista	292241	CK
1470670	Pandista	286984	\N
1470687	Pandista	1214190	\N
1472947	Pandista	678342	darinmex
1473098	Pandista	323091	CK
1473954	Pandista	8160840	TheNightAvl
1474276	Pandista	27369	CK
1474347	Pandista	320499	Dejo
1476125	Pandista	519444	darinmex
1476143	Pandista	44385	\N
1476697	Pandista	246365	CM
1477778	Eldad	808685	Zifre
1479169	Pandista	248460	CK
1479175	Pandista	26585	CK
1481279	pigeonenglish	1481280	pigeonenglish
1491008	kosapehape	1523626	CM
1499797	liori	1499796	liori
1515191	Ptr	260840	Dejo
1518030	zipangu	1518029	CS
1518036	zipangu	1517847	Spamster
1518039	zipangu	372438	ilayde
1519807	Roddern	554886	jakov
1532003	Ptr	1488114	arnxy20
1532004	Ptr	719916	darinmex
1532673	Ptr	60035	CK
1532692	Ptr	61150	Luornu
1541601	Ptr	259959	CK
1541605	Ptr	238388	CK
1541609	Ptr	59280	CM
1549678	Ptr	247454	CM
1552405	hello_frustration	1446198	human600
1552430	hello_frustration	1446444	CK
1552440	hello_frustration	1446472	Spamster
1560071	Tommyek	260253	CH
1560072	Tommyek	255404	CK
1561272	Tommyek	1396189	CK
1563261	szymonk	619127	ulyssemc1
1563933	zipangu	310133	CK
1564722	BlackDave	1365684	CK
1568584	Tutim	1229599	CM
1568588	Tutim	1007949	AOCinJAPAN
1568964	Tutim	24706	CK
1568996	Tutim	1568202	captcrouton
1571157	zipangu	1175837	sundown
1573174	Lucilla	298223	shekitten
1583679	fanty	1588770	CM
1587454	zipangu	1588739	\N
1587757	Bilberry	1587756	Bilberry
1587821	Bilberry	256945	\N
1587863	Bilberry	1128412	shanghainese
1588348	TopMan	1582119	Spamster
1589027	TopMan	63426	CK
1589306	TopMan	1424583	CK
1589324	TopMan	252207	CK
1589331	TopMan	443755	CM
1589399	TopMan	266256	CK
1589526	TopMan	69841	CN
1589528	TopMan	303829	CK
1589538	TopMan	303848	CK
1590493	TopMan	51624	shekitten
1590497	TopMan	51627	CK
1590499	TopMan	51630	CM
1590727	TopMan	1025044	CK
1590752	TopMan	1025056	CK
1590757	TopMan	1025059	CK
1590776	TopMan	1025066	CK
1590784	TopMan	1025072	CK
1590794	TopMan	1025075	CK
1590812	TopMan	1590810	TopMan
1590857	TopMan	299174	\N
1590868	TopMan	1092168	CK
1590878	TopMan	1027011	CK
1591133	zipangu	1590966	CN
1591729	TopMan	64252	Luornu
1591735	TopMan	252967	Eldad
1591874	TopMan	1584127	trieuho
1591881	TopMan	1584129	trieuho
1592037	zipangu	807217	Source_VOA
1592068	zipangu	1588713	CM
1592127	zipangu	6198728	sundown
1594618	TopMan	311297	CK
1603390	Fleur	1079523	keira_n
1603588	zipangu	1603563	nonong
1603779	zipangu	262804	CM
1603872	zipangu	794958	Tuan
1604073	zipangu	1553872	Spamster
1604746	kbntk	681739	Source_VOA
1605831	zipangu	1605807	fanty
1606592	chemski	42344	CK
1611394	zipangu	1611205	Spamster
1611402	zipangu	1593333	\N
1611616	zipangu	954721	CK
1614283	zipangu	1614238	marcelostockle
1614290	zipangu	1025641	CK
1614844	zipangu	257481	\N
1614911	zipangu	354761	bourdu
1626211	zipangu	1626159	ddnktr
1627109	zipangu	1485288	Spamster
1627364	jaboja	434446	lukaszpp
1629221	terenide	18977	CK
1630714	Siganiv	264359	\N
1630726	Siganiv	314370	CK
1630737	Siganiv	57567	\N
1630742	Siganiv	296585	CK
1630794	jaboja	485090	FeuDRenais
1630803	Siganiv	1398403	Eldad
1630809	Siganiv	249690	CK
1634419	Siganiv	1543903	CM
1637715	Siganiv	516081	darinmex
1643917	rbrtk	304130	CM
1643925	rbrtk	22407	aka_aj
1645419	zipangu	238994	CK
1645465	koineko	277704	CK
1648845	Siganiv	682177	Source_VOA
1654102	Mateusz	42204	CK
1657591	zipangu	258372	\N
1659893	Mateusz	73030	CK
1659923	Mateusz	899873	Zifre
1660209	Mateusz	1308746	sundown
1661718	hebrajska	54647	CK
1672415	TopMan	1230689	alec
1673969	Siganiv	1194815	yujin
1691406	zipangu	42163	AlanF_US
1691411	zipangu	16985	Zifre
1693324	Hikaru	70493	al_ex_an_der
1722874	Tutim	758863	CK
1723580	Tutim	239071	CK
1728718	hebrajska	299402	CK
1729033	zipangu	280937	CK
1742977	zipangu	60252	CK
1759145	al_ex_an_der	10473787	hecko
1782475	rego	306549	CM
1782481	rego	306568	\N
1782486	rego	306577	CK
1782489	rego	306586	CM
1782495	rego	306594	CK
1782496	rego	306595	\N
1782498	rego	306604	CM
1782518	rego	306637	CM
1782528	rego	306650	AlanF_US
1782535	rego	306658	CK
1793505	Eldad	8160198	TheNightAvl
1801375	zipangu	319312	CK
1802123	Pandista	277086	\N
1802138	Pandista	313337	CK
1844924	zipangu	506447	rtomharper
1844956	zipangu	1844224	CK
1844971	zipangu	1092116	CK
1846090	zipangu	1841720	CK
1855032	MarekMazurkiewicz	6051489	mailohilohi
1863864	terenia_kk	264823	\N
1889756	Bilberry	1092840	CK
1896049	simaqian	871554	CK
1913500	Matatjahu	1230513	alec
1920861	zipangu	1920814	Spamster
1920871	zipangu	1920678	Spamster
1920893	zipangu	407322	FeuDRenais
1928368	dryhay	806268	pllim
1930431	dryhay	1930433	dryhay
1931397	Ptr	37529	CM
1931433	Ptr	1884482	CK
1938702	times	6389632	sundown
1939698	zipangu	287146	CM
1940378	lukaszj	319995	\N
1945769	Chemiczny_Bogdan	1945621	Scott
1954237	times	275094	orcrist
1972159	czas_i_styl	10782462	hecko
1972169	czas_i_styl	312014	CM
1972662	dryhay	72628	ludoviko
1973677	liori	1396442	CK
1977914	jarojuda	1315808	CK
1979029	liori	1396363	CK
1982546	liori	1396341	CK
1982559	liori	291956	papabear
1985236	liori	1396235	CK
1987751	liori	1392554	CK
1989192	liori	1369387	CK
1989198	liori	1343498	CK
1989203	liori	1318917	CK
1989214	liori	1318843	CK
1992778	liori	1318674	CK
1992779	liori	1318648	CK
1992783	liori	303887	CK
1997160	Balamax	1791	Zifre
2002006	durszarukin	38579	CK
2004459	dryhay	30120	dryhay
2005871	Dominika	31561	CK
2005872	Dominika	675403	CK
2006061	liori	1317076	CK
2006341	dryhay	1819648	dryhay
2008517	Dominika	281995	jayefes65
2008521	Dominika	322879	CK
2008545	Dominika	2010421	Ed
2008943	joannawu	4844607	pig8322
2024865	dryhay	301799	CK
2024926	Fengyi	14027371	araneo
2025702	dryhay	2025700	dryhay
2045581	dryhay	22901	CK
2045672	dryhay	43567	CK
2047096	dryhay	2047091	dryhay
2062711	yadan	328756	fcbond
2063359	dryhay	1860614	CM
2063372	dryhay	43145	Dorenda
2071894	Misia	1192343	CK
2096814	silvermane	20646	CK
2109148	silvermane	886956	CK
2109152	silvermane	1740676	Amastan
2120078	liori	1972649	CK
2120099	liori	1894029	CK
2120165	liori	1849392	CK
2120187	liori	1500658	CN
2122198	coven	545857	sysko
2123318	kpjvd	13459113	sundown
2137673	dryhay	2137674	dryhay
2138865	liori	1316819	CK
2138871	liori	1316315	CK
2138872	liori	1316314	CK
2138879	liori	1316274	CK
2138901	liori	1315789	CK
2138915	liori	1315695	CK
2138921	liori	1312952	CK
2138935	liori	1312088	CK
2138937	liori	1311406	CM
2138944	liori	1307454	CK
2138956	liori	1304526	CK
2138968	liori	1300795	CK
2138973	liori	1300205	CK
2138991	liori	1293280	CK
2139006	liori	1293037	CK
2139123	liori	1212361	CK
2139127	liori	1199359	CK
2139142	liori	1192201	Eldad
2140639	Hikaru	250990	CK
2140727	Siganiv	17193	Zifre
2144272	MrShoval	2144228	freddy1
2145278	MarcinF	59371	Lumi_alt
2145298	jeedrek	269099	CM
2145479	jeedrek	1721051	Spamster
2145498	jeedrek	263846	\N
2146128	jeedrek	2146130	jeedrek
2147302	MarcinF	11466661	Blejert
2148262	jeedrek	1636181	ari_diary
2148613	jeedrek	241561	CM
2148621	jeedrek	322806	CC
2149170	MarcinF	8160692	TheNightAvl
2150096	jeedrek	1167672	marcelostockle
2150115	jeedrek	776208	CM
2150727	MarcinF	262000	CK
2152029	Hikaru	58692	CK
2153680	jeedrek	909526	CK
2156327	Goracykabanos	293356	\N
2159755	Hikaru	19081	CK
2164606	MarcinF	3310186	CK
2176456	zipangu	18490	Zifre
2178103	dryhay	2178100	dryhay
2178440	times	10777897	hecko
2178539	Zalmoksis	253460	CK
2178543	Zalmoksis	44438	Dejo
2178715	terenia_kk	6389644	sundown
2181663	zipangu	2181558	freddy1
2189370	damc	59976	\N
2189372	damc	25352	jejda
2189390	damc	1954272	CK
2189394	damc	1008018	AOCinJAPAN
2193060	times	9393060	CK
2193080	times	8159727	TheNightAvl
2194292	Mar	1655652	gleki
2197532	coven	2197530	coven
2205258	Mar	49349	CK
2206166	Mar	1867833	CK
2209811	Mar	1841577	CK
2211681	Mar	294458	CK
2211698	Mar	684682	notrwanda
2211706	Mar	50672	\N
2211908	Mar	963303	Eevee
2211967	Mar	1094992	CK
2212278	Mar	1551289	Scott
2212454	Mar	70740	CK
2212717	Mar	285505	\N
2212745	Mar	35879	CK
2213160	Mar	34770	Objectivesea
2214834	Mar	28338	Swift
2216871	Mar	28018	CK
2216969	Mar	16323	CK
2217755	Mar	681054	Source_VOA
2218865	Mar	268040	CK
2218901	Mar	31948	CK
2218927	Mar	31986	CN
2218967	DaSA	259560	\N
2218968	Mar	791599	sacredceltic
2238600	kamilrudzki	8160037	TheNightAvl
2238940	kamilrudzki	13115447	rul
2242360	Martka	57154	xtofu80
2242406	Martka	3048431	sundown
2246741	mayahueli	14036976	araneo
2246782	mayahueli	829673	darinmex
2247249	mayahueli	57084	CM
2247286	mayahueli	2247287	mayahueli
2247822	mayahueli	309622	CK
2250176	times	8159703	TheNightAvl
2250199	Mar	402983	CK
2255994	avro	10774650	hecko
2256175	mayahueli	13905873	araneo
2257105	avro	280898	CK
2260373	avro	436541	lukaszpp
2265046	Mar	2264863	Hybrid
2265263	Wessnosa	29706	orcrist
2277691	Wessnosa	9817794	hecko
2278867	avro	13095365	araneo
2279495	avro	2280563	AlanF_US
2282545	liori	1111548	Scott
2289602	avro	3463943	AlanF_US
2289961	Wessnosa	1954784	CK
2289967	Wessnosa	54564	CK
2292700	Mar	2292647	Hybrid
2293813	liori	1095877	CK
2294793	slavlangs	2294789	slavlangs
2302814	liori	1054569	CK
2311128	avro	8160428	TheNightAvl
2318844	pawelantas	520716	Ooneykcall
2333379	ablant	2333314	Hybrid
2364557	Balamax	1745562	belgavox
2379978	Piteris	5367115	Mateon1
2385816	Piteris	1606078	trieuho
2391507	Chemiczny_Bogdan	1296486	Shishir
2395679	procroco	51620	CM
2395682	procroco	51620	CM
2395725	procroco	1341101	CK
2395869	procroco	289063	\N
2397203	procroco	299427	shekitten
2397236	procroco	257829	CK
2397659	procroco	1248783	PeterR
2397711	procroco	250616	CK
2398306	kam1lo	16608	Zifre
2399217	procroco	1961600	CK
2402952	procroco	2402286	CK
2403068	procroco	2402170	CK
2403185	procroco	2401216	CK
2403190	procroco	2401219	CK
2403258	procroco	887419	CK
2405935	procroco	1330	CK
2405936	procroco	1333	CK
2406015	procroco	2245060	CK
2406028	procroco	8160095	TheNightAvl
2410322	rgap11	11118170	sundown
2427682	bionicboy	2427686	bionicboy
2429558	jeedrek	325164	CM
2429559	jeedrek	325162	CM
2434588	liori	2409548	CK
2439514	Hikaru	2230657	freddy1
2448954	Siganiv	42598	papabear
2467104	Siganiv	1825312	Amastan
2470041	Pompon	56485	CK
2470069	Pompon	71447	CK
2470082	Pompon	310520	CK
2470640	Pompon	404739	CK
2487570	silesian	2487210	Amastan
2489840	Tempoacc	2488393	esperanturk
2493457	lechlukasz	39126	CK
2493636	zipangu	2493536	Hybrid
2495828	zipangu	2380464	CK
2495933	zipangu	2210539	Hybrid
2514939	jeedrek	60220	CK
2514945	jeedrek	60222	\N
2517028	Hikaru	2523859	CK
2519093	zipangu	2523846	CK
2566784	ablant	5099598	chris3spice
2571063	zipangu	2571046	deniko
2577370	Siganiv	280503	CK
2586934	Mar	2282934	Hybrid
2586941	Mar	71824	CK
2587000	Mar	2583335	Hybrid
2587044	Mar	806765	BraveSentry
2587124	Mar	2582504	\N
2587154	Mar	2580923	Hybrid
2587167	Mar	2580880	Hybrid
2587220	Mar	757415	sctld
2587256	Mar	2323289	CK
2587261	Mar	2577678	Hybrid
2587610	Mar	2587481	Hybrid
2599334	ridja	10999932	hecko
2601474	md	1861725	marcelostockle
2603476	aleksandraeska	2603460	Thanuir
2605119	Ptr	1025018	CK
2619422	aleksandraeska	2601381	AlanF_US
2666959	Siganiv	906941	CK
2671274	silesian	2442393	jivago
2671277	silesian	57382	CK
2678172	Xayan	1752040	Amastan
2678391	kruppek	2678424	kruppek
2679081	dlxp92s	31566	CK
2679437	Koen	1494871	Spamster
2679463	Koen	298684	\N
2679473	Koen	1167083	AKINCI81
2679490	Koen	2018767	CK
2679527	Koen	19894	CK
2679561	Koen	2321158	marcelostockle
2679629	Koen	280468	CM
2679639	Koen	249321	papabear
2679715	Koen	2287002	CK
2679735	Koen	1135674	\N
2679739	Koen	27944	CK
2679740	Koen	2544074	CK
2679928	Koen	256407	CK
2679933	Koen	802688	Source_VOA
2679948	Koen	49509	CK
2679950	Koen	2579912	CM
2679991	Koen	57714	CK
2680008	Koen	1582124	Spamster
2680434	Koen	293281	CK
2680457	Koen	2268116	_undertoad
2680528	Koen	1225278	AlanF_US
2680553	Koen	285794	CK
2680589	Koen	295669	CK
2680595	Koen	806865	Source_VOA
2680603	Koen	59160	CM
2680627	Koen	2111207	CK
2680670	Koen	41556	CK
2681066	Koen	250032	CK
2707326	zipangu	2707322	Hybrid
2707367	zipangu	2707364	Hybrid
2707368	zipangu	2707359	Hybrid
2708777	aleksandraeska	444046	CK
2727017	pierrka	1133258	CK
2731827	Martka	10472187	hecko
2752978	jeedrek	803271	Source_VOA
2754485	AdamG	2388115	CK
2757070	Vesihiisi	1536750	erikspen
2759618	aleksandraeska	12983789	araneo
2766729	Balamax	1844227	CK
2767259	Igliwie	680766	Source_VOA
2767270	Igliwie	680770	Source_VOA
2767271	Igliwie	680771	Source_VOA
2767273	Igliwie	680772	Source_VOA
2770375	photon	45967	sundown
2770462	sheeroko	2539971	CK
2770464	sheeroko	2258916	_undertoad
2774730	AdamG	2245903	CK
2774761	AdamG	34325	carlosalberto
2774794	AdamG	267230	CK
2774858	AdamG	22874	CK
2778286	auditlog	58354	\N
2778604	seveleu_dubrovnik	307764	CK
2782397	Martka	1164881	cntrational
2784628	Pompon	881462	CC
2784742	Pompon	2708737	CK
2798299	Ptr	255941	CN
2805595	MarekMazurkiewicz	3966226	popball
2809337	Ceresnya	266989	CK
2809364	Ceresnya	287277	\N
2809371	Ceresnya	307205	CK
2809446	Ceresnya	253296	CK
2809474	Ceresnya	1788202	Amastan
2809477	Ceresnya	837767	Ahmet
2809502	Ceresnya	1419007	Spamster
2809507	Ceresnya	2258768	_undertoad
2810141	Ceresnya	292506	\N
2810207	Ceresnya	1954721	CK
2810277	Ceresnya	65733	AlanF_US
2810297	Ceresnya	289971	CK
2829971	8godzin	12598236	Feryll
2832430	mdymala1	1866535	Spamster
2833592	MarekMazurkiewicz	8160601	TheNightAvl
2834264	mdymala1	2834069	Desparil
2838214	Ceresnya	65792	CK
2838301	Ceresnya	274763	\N
2838443	Ceresnya	1053701	CK
2838459	Ceresnya	2252490	CK
2853542	arie	2853538	\N
2886836	Hikaru	57408	\N
2893164	Koen	681729	Source_VOA
2900632	Piteris	247770	CK
2900733	Piteris	8160026	TheNightAvl
2909693	zipangu	2908753	CK
2921116	Chemiczny_Bogdan	280505	CK
2921145	Chemiczny_Bogdan	2545013	CK
2921152	Chemiczny_Bogdan	610134	\N
2939525	coven	242000	Eldad
2939621	coven	1334905	marcelostockle
2945965	ridilla	12962797	araneo
2972882	Blue_Lou	55709	\N
2974498	Blue_Lou	21346	CK
2975170	jeedrek	325500	CK
2975731	jeedrek	256805	CM
2976785	jeedrek	2976791	jeedrek
2977364	jeedrek	19889	CK
2977456	jeedrek	1761201	Amastan
2979358	jeedrek	252585	CM
2979496	jeedrek	1597383	trieuho
2979589	jeedrek	807485	Source_VOA
2979590	jeedrek	2036414	smarisbird
2979595	jeedrek	2979593	jeedrek
2979816	jeedrek	1690454	Spamster
2981595	jeedrek	65202	CK
2981769	jeedrek	1103616	CK
2981892	jeedrek	374900	sysko
2981934	jeedrek	482361	Swift
2981971	jeedrek	318025	CK
2987380	jeedrek	400364	Dorenda
2987392	jeedrek	1860747	CK
2987976	jeedrek	395911	aeriph
2992783	jeedrek	1992201	User22901
2995988	jeedrek	1867841	CK
2998147	jeedrek	317522	CK
2998192	jeedrek	56917	CK
3000021	jeedrek	554637	jakov
3000029	jeedrek	71440	CK
3000154	jeedrek	1867758	CK
3000265	jeedrek	279256	CM
3004404	jeedrek	59854	CK
3004437	jeedrek	272552	CM
3004484	jeedrek	261073	CK
3005201	jeedrek	680190	Source_VOA
3005233	jeedrek	57611	sundown
3005240	jeedrek	22048	CK
3006258	jeedrek	3006257	jeedrek
3007091	aleksandraeska	3007072	CM
3009600	jeedrek	245583	sundown
3018017	jeedrek	246454	CM
3018122	jeedrek	259913	CK
3019532	jeedrek	38851	Swift
3019615	jeedrek	251312	CK
3026056	jeedrek	1742813	Amastan
3026102	jeedrek	657188	Eldad
3026109	jeedrek	2954925	CK
3026118	jeedrek	2930080	CK
3028769	jeedrek	2271859	CK
3029833	jeedrek	72658	\N
3029860	jeedrek	72666	CK
3030602	jeedrek	3030601	jeedrek
3030625	jeedrek	56189	CM
3030628	jeedrek	2720695	Dejo
3031418	jeedrek	1302265	Eldad
3031548	jeedrek	308758	sundown
3031564	jeedrek	241413	\N
3031566	jeedrek	297122	CK
3031829	jeedrek	25560	blay_paul
3031844	jeedrek	3011830	sundown
3032212	jeedrek	2644724	CK
3032274	jeedrek	3022257	sharptoothed
3032279	jeedrek	3022251	sharptoothed
3032306	jeedrek	2272808	CK
3032325	jeedrek	3002004	CK
3032478	jeedrek	3031248	CK
3033541	jeedrek	35130	AlanF_US
3033546	jeedrek	1026065	CK
3034135	jeedrek	256611	CK
3034156	jeedrek	37002	CK
3034160	jeedrek	37005	CN
3034164	jeedrek	887040	CK
3034169	jeedrek	887045	CK
3034745	jeedrek	2376141	CK
3034919	jeedrek	2821641	CK
3036107	jeedrek	321942	Zifre
3036117	jeedrek	2470471	Hybrid
3036579	jeedrek	2148543	AlanF_US
3038588	jeedrek	1096181	CK
3038612	jeedrek	1096198	CK
3038618	jeedrek	1096200	CK
3041433	jeedrek	318467	CM
3041456	jeedrek	1283955	Trailsend
3042770	jeedrek	52474	Swift
3042841	jeedrek	52478	CK
3044921	jeedrek	262944	\N
3046743	jeedrek	66747	CM
3046755	jeedrek	66760	CM
3048293	camilozeta	1292208	CK
3048541	jeedrek	2360991	CK
3048570	jeedrek	2483348	sharptoothed
3049026	jeedrek	261016	CK
3049216	jeedrek	261054	CM
3049221	jeedrek	394780	DJ_Saidez
3049244	jeedrek	1326192	CK
3049297	jeedrek	324247	rul
3049304	jeedrek	324797	CK
3049788	jeedrek	1024958	CK
3049790	jeedrek	29622	adjusting
3049794	jeedrek	29625	CK
3050318	jeedrek	45176	CM
3050374	jeedrek	45188	\N
3051077	jeedrek	325477	CK
3051096	jeedrek	325485	CM
3051245	jeedrek	1094565	CK
3051278	jeedrek	1094584	CK
3051282	jeedrek	1094588	CK
3051382	jeedrek	1094613	CK
3051421	jeedrek	1094627	CK
3051442	jeedrek	2543847	CK
3051513	jeedrek	680840	Source_VOA
3051519	jeedrek	680844	Source_VOA
3064053	jeedrek	36410	CK
3064108	jeedrek	67873	CK
3065541	jeedrek	2929271	CK
3066589	jeedrek	273864	CM
3070528	jeedrek	3068928	CK
3070592	jeedrek	3068938	CK
3070694	jeedrek	2645093	CK
3070722	jeedrek	2376417	CK
3070742	jeedrek	2376433	CK
3070746	jeedrek	2376436	CK
3079772	jeedrek	2642525	CK
3081977	jeedrek	299073	CM
3082057	jeedrek	299083	CM
3082058	jeedrek	299084	\N
3082140	jeedrek	271043	CK
3084373	jeedrek	1025524	CK
3084442	jeedrek	1977842	Dejo
3084489	jeedrek	693563	CK
3085066	jeedrek	71685	Lumi_alt
3085067	jeedrek	2949974	Hybrid
3085070	jeedrek	2642624	CK
3085077	jeedrek	17894	CK
3085178	jeedrek	29070	100nosewiggles
3085197	jeedrek	441940	CK
3085210	jeedrek	1111871	Scott
3085224	jeedrek	1731505	Chrikaru
3088568	Veilchen	11821642	sundown
3093107	jeedrek	873092	CM
3093192	jeedrek	62542	CM
3094450	nusia2302	2826633	sundown
3095353	jeedrek	61310	CM
3095367	jeedrek	505466	blay_paul
3099737	jeedrek	260158	CK
3099751	jeedrek	1029807	CK
3100016	jeedrek	2543158	CK
3100019	jeedrek	2542832	CK
3100046	jeedrek	1929696	CK
3108893	jeedrek	2026938	CK
3109624	Mateusz	20868	Eldad
3111318	jeedrek	1167686	CK
3116533	jeedrek	1027043	CK
3116538	jeedrek	9973098	baudelaire
3116574	jeedrek	424868	FeuDRenais
3116579	jeedrek	268730	CK
3116586	jeedrek	1140132	CK
3119328	jeedrek	281941	CK
3125568	jeedrek	2988677	CM
3127171	jeedrek	1710599	Amastan
3127230	jeedrek	1476560	Spamster
3127271	jeedrek	2203245	CK
3127284	jeedrek	882949	\N
3127310	jeedrek	2592859	WestofEden
3127326	jeedrek	2655554	gauravjiii
3127334	jeedrek	280546	CM
3127348	jeedrek	324164	CK
3127349	jeedrek	2630299	meerkat
3127354	jeedrek	2934634	astyng
3127359	jeedrek	2033631	CK
3127436	Inci	1665314	Amastan
3127447	Inci	1975735	CK
3127452	Inci	33138	AlanF_US
3127467	Inci	70642	CK
3127503	Inci	2335167	Hybrid
3127802	Inci	1155615	\N
3128468	DragonM	1828349	Amastan
3135350	cvbge	3135352	Khvalovsky
3141064	Inci	27922	CK
3141066	Inci	2270392	CK
3143868	Inci	70684	CC
3147401	liori	2451168	CK
3152108	jeedrek	27974	Lumi
3152126	jeedrek	2600767	anemone
3161475	jeedrek	1092565	CK
3161507	jeedrek	2293238	CK
3169345	Pompon	270764	CK
3176873	Ceresnya	8160736	TheNightAvl
3181070	zipangu	1699194	Spamster
3191395	calmanani	6147460	\N
3194190	MarekMazurkiewicz	5367127	Mateon1
3207177	zipangu	2451354	CK
3211427	kodziu	43455	Plodder
3230850	ridilla	1797679	Spamster
3239737	jeedrek	681236	Source_VOA
3240221	jeedrek	323931	CK
3240234	jeedrek	316738	CM
3254861	Ceresnya	249419	CK
3254957	Ceresnya	22163	kremel
3257668	jeedrek	1960923	CK
3271584	nusia2302	6196028	sundown
3285511	jeedrek	264177	CK
3285580	jeedrek	456141	lukaszpp
3289668	Hikaru	241580	CM
3292919	jeedrek	2577667	Hybrid
3294988	jeedrek	2451212	CK
3295005	jeedrek	2389878	CK
3296846	jeedrek	2711939	CK
3296896	jeedrek	63670	\N
3296935	jeedrek	3296903	jeedrek
3300077	jeedrek	2451222	CK
3300814	jeedrek	2407907	CK
3300855	jeedrek	3181973	CK
3300877	jeedrek	3181979	CK
3313309	jeedrek	3313061	CK
3313319	jeedrek	3311124	CK
3313343	jeedrek	3312810	CK
3313356	jeedrek	3171974	CK
3326232	Hikaru	250502	CM
3326245	Hikaru	37952	CM
3335227	Ricardo14	1977717	Spamster
3351284	Thoum	1217501	shekitten
3375143	konrad509	25181	CK
3375662	konrad509	2951623	CK
3376768	konrad509	1028611	CK
3380959	konrad509	2304027	Hybrid
3382421	Hikaru	16048	Swift
3382577	Hikaru	51013	CM
3400705	Hikaru	24315	timmartin
3400707	Hikaru	8160040	TheNightAvl
3400847	Hikaru	2806348	niceguydave
3407166	konrad509	283488	CK
3409961	Plusquamperfekt	3331038	CK
3410164	konrad509	326058	CK
3410524	Plusquamperfekt	2915192	Hybrid
3410565	Plusquamperfekt	3409206	CK
3412464	Plusquamperfekt	300626	papabear
3415868	konrad509	3170601	CK
3416035	Hikaru	40674	CM
3416051	Hikaru	2366864	AlanF_US
3416305	konrad509	2955459	CK
3416338	konrad509	1579440	fanty
3418279	konrad509	887178	CK
3421811	konrad509	1078050	keira_n
3421813	konrad509	3258318	\N
3421821	konrad509	42030	CM
3421822	konrad509	2258663	_undertoad
3423257	konrad509	1024626	CK
3425897	konrad509	2267783	_undertoad
3427555	konrad509	287039	CK
3427570	konrad509	1665872	Amastan
3427647	konrad509	45131	CK
3427948	konrad509	3308388	CK
3429516	Hikaru	44298	\N
3429520	Hikaru	55161	pip
3429611	Hikaru	3429619	Hikaru
3429662	konrad509	1817777	ragazzobravo
3430132	konrad509	1293100	CK
3430153	konrad509	310380	CK
3430551	Hikaru	3430544	freddy1
3432385	konrad509	72468	CM
3432965	konrad509	3358609	CK
3434758	konrad509	258186	CK
3435032	konrad509	1209701	Eldad
3435375	konrad509	807150	Source_VOA
3435602	Dany74PL	3435278	AlanF_US
3438247	konrad509	2380180	CK
3438443	konrad509	722540	kebukebu
3446233	Hikaru	2248428	CK
3446239	Hikaru	12129038	hecko
3449889	Plusquamperfekt	6029200	Huskion
3450002	Hikaru	309485	\N
3450020	Hikaru	2334882	orcrist
3450044	Hikaru	2487110	senorsmile
3464734	luciussulla	3464736	luciussulla
3470900	Siganiv	320077	sundown
3486223	Siganiv	269186	Eldad
3486224	Siganiv	2308281	CK
3486237	Siganiv	3486233	RU
3492085	Siganiv	1599132	Spamster
3492099	Siganiv	36937	CK
3495354	jeedrek	2250014	CK
3495406	jeedrek	3402555	CK
3495417	jeedrek	308209	CK
3495418	jeedrek	2711677	sharptoothed
3495442	Siganiv	612259	darinmex
3499122	Bilberry	62910	\N
3499746	jeedrek	238989	CM
3499938	jeedrek	2485153	Hybrid
3502521	jeedrek	3330423	CK
3502589	jeedrek	3075118	CK
3502598	jeedrek	3075108	CK
3502706	jeedrek	1094644	CK
3502806	jeedrek	1771554	Scott
3510084	jeedrek	682001	Source_VOA
3510129	jeedrek	1205483	\N
3518436	Siganiv	2270507	CK
3519109	Siganiv	794469	CM
3520314	jeedrek	2954778	CK
3522512	jeedrek	45799	CK
3522515	jeedrek	3073621	Tappity
3522522	jeedrek	37579	CK
3522529	jeedrek	2107356	CK
3522586	jeedrek	2388192	CK
3522589	jeedrek	43636	CK
3522601	jeedrek	43656	CK
3524653	jeedrek	2891577	CK
3524747	jeedrek	33075	CP
3524787	jeedrek	3357806	CK
3525380	Bilberry	3366262	roobarb
3528151	Bilberry	1837631	Scott
3530779	Martka	491855	swagner
3531583	Bilberry	2087	Swift
3534526	Siganiv	2941444	CK
3545432	sensitivecherry	3543579	Hybrid
3545500	sensitivecherry	270619	CK
3550822	Siganiv	950201	spockofvulcan
3551155	Siganiv	3417274	CK
3558091	Katubeltza	3557814	CK
3561275	Bilberry	3561281	Bilberry
3579182	cvbge	3573969	CK
3579210	cvbge	3573819	CK
3579291	cvbge	3565118	trieuho
3579292	cvbge	3565110	trieuho
3579306	cvbge	3563962	CK
3580788	Siganiv	2957778	CK
3581221	Bilberry	680704	Source_VOA
3581482	Siganiv	2265755	_undertoad
3581514	cvbge	59646	CK
3581989	cvbge	29243	al_ex_an_der
3582009	cvbge	260753	CK
3582018	cvbge	315682	CM
3582040	cvbge	38191	fcbond
3583219	cvbge	3281756	Hybrid
3584605	cvbge	1860750	CK
3584686	cvbge	1026726	CK
3584690	cvbge	310590	\N
3584698	cvbge	2953463	mervert1
3584699	cvbge	2953463	mervert1
3584750	cvbge	3264737	CK
3584768	cvbge	1762236	Amastan
3584789	cvbge	2305066	Hybrid
3584791	cvbge	2538831	CK
3584806	cvbge	1683329	Combine988
3587211	cvbge	3377176	CK
3589486	Siganiv	2754958	mervert1
3589487	Siganiv	2757602	verdulo
3594407	Siganiv	554696	jakov
3596359	Siganiv	2777621	CK
3596363	Siganiv	3596355	CK
3599487	Siganiv	2886992	CK
3602980	Baakamono	3531391	CK
3603531	Siganiv	3364175	_undertoad
3603533	Siganiv	1026418	CK
3603537	cvbge	804137	Source_VOA
3607843	Siganiv	3598199	Hybrid
3609880	konrad509	2641695	CK
3610711	Siganiv	28485	CM
3610716	Siganiv	2107663	CK
3611072	cvbge	1954804	CK
3614502	cvbge	2543471	CK
3614661	cvbge	1340	Sbgodin
3614673	cvbge	1528903	erikspen
3614684	cvbge	1028528	CK
3614713	cvbge	2952452	CK
3615061	Baakamono	2650218	Hybrid
3621257	Siganiv	265886	CK
3621808	kosapehape	3436556	CK
3629651	Katubeltza	3628145	MTC
3629828	Katubeltza	3629825	Katubeltza
3630373	Bilberry	2731662	sharptoothed
3630831	Katubeltza	3543674	Hybrid
3630838	Katubeltza	3531759	CK
3631020	Katubeltza	3630090	karloelkebekio
3631023	Katubeltza	3629969	Hybrid
3631398	Siganiv	1002768	\N
3631675	cvbge	1474151	CK
3631684	cvbge	954370	CK
3631827	Katubeltza	1029156	CK
3631833	Katubeltza	3631395	Lindoula
3632504	Katubeltza	3631423	Lindoula
3632506	Katubeltza	3631394	Lindoula
3632954	Siganiv	2800760	sundown
3633877	Katubeltza	3226484	CK
3634326	Katubeltza	3634147	Hybrid
3634715	Katubeltza	1420	CK
3634738	Katubeltza	1501	CK
3639687	Bilberry	275057	CM
3643195	Katubeltza	3642969	vvv123
3643272	Siganiv	10782452	sundown
3649558	jeedrek	3089527	CK
3649933	liori	3419880	CK
3652890	jeedrek	1094191	CK
3652896	jeedrek	1094194	CK
3653740	jeedrek	305800	CK
3655036	jeedrek	18253	CM
3655070	jeedrek	307385	CK
3655089	jeedrek	2537692	CK
3655425	jeedrek	313619	CK
3655426	jeedrek	305726	CK
3655430	jeedrek	305721	Dejo
3655464	jeedrek	2956966	CK
3655465	jeedrek	2956967	CK
3655564	kobalt	315178	CK
3655628	jeedrek	2640382	CK
3655672	jeedrek	3527381	neron
3655863	jeedrek	2912503	CK
3655873	jeedrek	245430	CK
3656277	Wu	3655521	rbbrbb
3656284	Wu	3655113	MTC
3656516	Wu	3652039	karloelkebekio
3656537	Wu	3651975	andrewgtreantos
3656547	Wu	3651943	karloelkebekio
3656572	Wu	3651750	furoraceltica
3656580	Wu	3651708	furoraceltica
3656635	Wu	3651340	Hybrid
3657565	Siganiv	2244964	CK
3659303	Wu	3658560	rokito
3659316	Wu	3658557	maydoo
3660438	Wu	3660062	THURET
3660448	Wu	3659638	Vanilla
3660454	Wu	3659628	Vanilla
3660461	Wu	3659626	Theocracy
3660517	Wu	3658341	patgfisher
3660560	Wu	3660528	Vanilla
3660569	Wu	3660452	Vanilla
3662177	jeedrek	3419822	CK
3662181	jeedrek	3419823	CK
3662187	jeedrek	3419826	CK
3662268	jeedrek	3444593	CK
3662298	jeedrek	265196	CK
3664649	jeedrek	2244982	CK
3664769	jeedrek	58038	CK
3665197	jeedrek	2361606	CK
3666019	jeedrek	61961	CK
3666020	jeedrek	61919	\N
3679835	jeedrek	2957669	CK
3679841	jeedrek	252451	CK
3680145	Baakamono	8815038	sundown
3682260	jeedrek	2644262	CK
3686888	jeedrek	3620084	CK
3686918	jeedrek	2891186	CK
3687051	jeedrek	1093133	CK
3690488	Siganiv	3047042	CK
3695468	jeedrek	1936309	CK
3695471	jeedrek	1936308	CK
3695490	jeedrek	43885	CK
3695589	jeedrek	2751169	CK
3695600	jeedrek	2751179	Hybrid
3695624	jeedrek	2538352	CK
3695709	jeedrek	2538353	CK
3697543	jeedrek	1028291	CK
3697586	jeedrek	3559471	pleidian
3697591	jeedrek	3396646	CK
3697604	jeedrek	3164430	CK
3698050	jeedrek	3043957	CK
3700801	Spodnie	2807648	Hybrid
3706412	jeedrek	295152	CK
3706602	jeedrek	309640	CK
3706606	jeedrek	3307526	Hybrid
3706677	jeedrek	246300	CK
3706692	jeedrek	1029863	CK
3707411	jeedrek	3264767	CK
3707459	jeedrek	3264774	CK
3711118	jeedrek	1127858	CM
3711129	jeedrek	2956158	CK
3711143	jeedrek	2956167	CK
3711154	jeedrek	1016258	Narda
3711176	jeedrek	3171576	CK
3713585	jeedrek	1541417	CK
3713588	jeedrek	1541477	Spamster
3716105	jeedrek	2953237	CK
3716106	jeedrek	2953238	CK
3717943	jeedrek	2957962	CK
3718063	Siganiv	3123530	Hybrid
3718689	jeedrek	2544673	CK
3718715	nusia2302	2342526	Hybrid
3718762	jeedrek	3178440	CK
3729011	konrad509	3688996	CK
3741257	konrad509	3058373	Hybrid
3742509	aleksandraeska	3742501	mervert1
3743249	lato365	6959657	AlanF_US
3743346	lato365	3742339	AlanF_US
3743641	Siganiv	2407160	CK
3743796	lato365	10780034	hecko
3743804	lato365	7913074	Lyte3000
3743844	lato365	8763363	deniko
3745083	lato365	10777899	hecko
3746194	gin	3746197	gin
3750151	gin	3583376	mikecash
3750164	gin	3564038	CK
3750235	gin	3517918	CK
3750348	gin	2853416	\N
3752562	Siganiv	3821302	CK
3754482	jeedrek	2543290	CK
3757053	jeedrek	3310199	CK
3757073	jeedrek	284575	CK
3761544	jeedrek	2892125	CK
3764628	Siganiv	2932648	patgfisher
3764751	jeedrek	2308243	CK
3764807	jeedrek	3736302	CK
3772038	jeedrek	2539867	CK
3772063	jeedrek	2539877	CK
3772066	jeedrek	2539879	CK
3776766	jeedrek	2093034	CK
3778852	jeedrek	2996742	CK
3778894	jeedrek	2996596	CK
3779994	jeedrek	2952534	CK
3780175	jeedrek	41843	AlanF_US
3781432	jeedrek	1886101	CK
3782923	jeedrek	2539983	CK
3783039	Siganiv	2953957	CK
3784854	jeedrek	2540029	CK
3786091	jeedrek	2537206	CK
3786101	jeedrek	2537199	CK
3787765	jeedrek	2543609	CK
3788507	Siganiv	5367157	Mateon1
3789699	jeedrek	2538334	CK
3789717	jeedrek	2538325	CK
3789726	jeedrek	2538320	CK
3789750	jeedrek	887472	CK
3807892	jeedrek	2539058	CK
3807920	jeedrek	2539080	CK
3828350	jeedrek	3735038	CK
3834821	jeedrek	2539501	CK
3834835	jeedrek	2959503	sharptoothed
3835915	jeedrek	3732138	CK
3835999	jeedrek	2540924	CK
3838752	jeedrek	2641513	CK
3838776	jeedrek	2641523	CK
3838786	jeedrek	2641528	CK
3838829	jeedrek	456221	lukaszpp
3839167	sevenseagulls	1025092	CK
3841724	jeedrek	1493797	niceguydave
3846592	jeedrek	2712588	CK
3846709	jeedrek	262182	CK
3847074	jeedrek	2325777	CK
3847588	kesidi20	2323058	CK
3847957	jeedrek	1351536	CK
3847961	jeedrek	1351922	CK
3848260	sobrehumano	59922	CK
3848319	jeedrek	3494486	_undertoad
3850201	jeedrek	2245594	CK
3851395	jeedrek	1723395	belgavox
3851636	jeedrek	2028624	CK
3851724	jeedrek	1895760	CK
3853594	jeedrek	1898175	CK
3853625	jeedrek	1898194	CK
3853639	jeedrek	1898204	CK
3853640	jeedrek	1898205	CK
3856185	jeedrek	3725751	CM
3856216	jeedrek	277948	CK
3856301	jeedrek	3092468	CK
3857343	jeedrek	1023979	CK
3857362	jeedrek	1023980	CK
3857386	jeedrek	1023991	CK
3857503	jeedrek	3823564	CK
3857513	jeedrek	3823570	CK
3857514	jeedrek	3823571	CK
3859051	jeedrek	2546915	CK
3859078	jeedrek	3737068	CK
3863028	jeedrek	44080	CK
3863042	jeedrek	44086	CK
3863051	jeedrek	44110	CK
3863053	jeedrek	44114	CK
3863099	jeedrek	1095895	CK
3863106	jeedrek	1095899	CK
3863116	jeedrek	1095905	CK
3863122	jeedrek	1095906	CK
3863294	jeedrek	1095919	CK
3863311	jeedrek	1095923	CK
3864127	jeedrek	1095948	CK
3864738	jeedrek	2769102	Hybrid
3864751	jeedrek	44146	CK
3864836	jeedrek	2541572	CK
3865287	jeedrek	44183	CK
3865323	jeedrek	44261	CN
3865325	jeedrek	44266	CK
3865349	jeedrek	2549548	CK
3865354	jeedrek	3113608	CK
3865362	jeedrek	3831473	CK
3865994	jeedrek	272470	\N
3866089	jeedrek	44293	CK
3866091	jeedrek	44303	CK
3866095	jeedrek	44314	CK
3866126	jeedrek	44377	CK
3866135	jeedrek	387432	CK
3868095	jeedrek	2095431	CK
3868195	jeedrek	317081	CK
3869235	jeedrek	2953096	CK
3869241	jeedrek	18858	AlanF_US
3869244	jeedrek	51919	CK
3869250	jeedrek	71895	CK
3869777	liori	3650075	karloelkebekio
3871016	trottoar	57504	CK
3871975	jeedrek	44421	CK
3872004	jeedrek	44507	CK
3872014	jeedrek	44540	CK
3872017	jeedrek	44553	CK
3872055	jeedrek	41238	Dejo
3872345	jeedrek	3594729	CK
3872366	jeedrek	1029994	CK
3875421	jeedrek	2171237	Hybrid
3875799	jeedrek	3287194	CK
3875800	jeedrek	2675003	Hybrid
3880058	jeedrek	2293222	CK
3880117	jeedrek	3619122	CK
3881889	Baakamono	3826751	CK
3882253	jeedrek	1887227	CK
3882883	jeedrek	1287072	CM
3884245	jeedrek	44716	CK
3886367	jeedrek	2279446	CK
3887762	jeedrek	2821138	CK
3887787	jeedrek	2821161	CK
3887792	jeedrek	2821165	CK
3887801	jeedrek	20239	Scott
3895401	jeedrek	2954634	CK
3897192	jeedrek	2262065	CK
3897584	jeedrek	309242	CH
3897650	jeedrek	2033225	CK
3897651	jeedrek	2033227	CK
3897665	jeedrek	1024052	CK
3898845	jeedrek	71363	CC
3898848	jeedrek	71367	CN
3924431	jeedrek	2639752	CK
3924444	jeedrek	1759919	CM
3926327	jeedrek	3012716	CK
3926570	jeedrek	3419882	CK
3929561	jeedrek	2795449	sundown
3929682	jeedrek	3875882	Hybrid
3929691	jeedrek	3067377	CK
3929710	jeedrek	3067425	CK
3930123	jeedrek	65234	CK
3931701	jeedrek	3931698	maaster
3931711	jeedrek	45059	CK
3933287	jeedrek	2609473	WestofEden
3933814	jeedrek	264034	CK
3933901	jeedrek	2540093	CK
3935422	jeedrek	3738032	CK
3936223	jeedrek	1096366	CK
3938236	jeedrek	3202312	CK
3939981	jeedrek	2015256	CK
3942942	jeedrek	1954614	CK
3942998	jeedrek	270082	CM
3945134	jeedrek	42349	CK
3945543	jeedrek	56516	\N
3945549	jeedrek	3069844	Hybrid
3945565	jeedrek	3012830	patgfisher
3946044	jeedrek	1941288	_undertoad
3951267	jeedrek	1893873	CK
3954976	jeedrek	308371	\N
3959286	jeedrek	2401203	CK
3959385	jeedrek	2044454	CK
3960422	jeedrek	2275183	CK
3960496	jeedrek	267363	\N
3961045	jeedrek	1024598	CK
3962020	jeedrek	3144556	CK
3962033	jeedrek	3144555	CK
3967696	jeedrek	2640603	CK
3969348	jeedrek	3171617	CK
3970441	jeedrek	2248436	CK
3971735	jeedrek	1025698	CK
3971741	jeedrek	1025702	CK
3971855	jeedrek	799906	CM
3973627	jeedrek	1365752	CK
3973651	jeedrek	1365854	CK
3973760	jeedrek	1371227	CK
3973779	jeedrek	1025696	CK
3977854	jeedrek	2309372	Hybrid
3982778	jeedrek	3832029	CK
3985920	jeedrek	2642305	CK
3985924	jeedrek	2642307	CK
3985929	jeedrek	2642309	CK
3990256	jeedrek	2643382	CK
3990310	jeedrek	280850	CM
3991044	jeedrek	1024337	CK
3991061	jeedrek	1024339	CK
3991647	jeedrek	3991526	Amastan
3992229	jeedrek	49409	CK
3992326	jeedrek	20701	CK
3992491	jeedrek	2911691	CK
3996409	jeedrek	3826479	CK
3996420	jeedrek	3826488	CK
3996438	jeedrek	2712620	CK
3997396	Silvanka	3994422	Ricardo14
4005206	jeedrek	2548536	CK
4006917	jeedrek	319600	\N
4010205	jeedrek	3123921	CK
4010207	jeedrek	3068256	Hybrid
4017750	jeedrek	4015277	CK
4017779	jeedrek	24000	CK
4017784	jeedrek	281636	CM
4036117	Tutim	2463828	MethodGT
4043758	jeedrek	2210539	Hybrid
4090902	jeedrek	250623	CK
4090948	jeedrek	906744	CK
4091042	jeedrek	906746	CK
4099653	konrad509	3594073	CK
4101550	Ceresnya	9373350	CK
4101557	Ceresnya	2966836	meerkat
4101565	jeedrek	3092467	CK
4101640	Ceresnya	2548596	CK
4103819	Hikaru	1706062	AnneWy
4106113	Hikaru	3825686	CK
4111492	konrad509	322153	CK
4116084	konrad509	1876199	Asma
4122090	Bilberry	44570	CN
4123785	konrad509	2448619	Felipe
4124169	jeedrek	2640371	CK
4124215	jeedrek	2359842	CK
4124256	jeedrek	1029316	CK
4124380	jeedrek	58686	CK
4125101	jeedrek	2641488	CK
4126988	Hikaru	2641857	CK
4128804	Hikaru	1465915	CH
4129981	jeedrek	2957757	CK
4130084	jeedrek	2957789	CK
4131241	konrad509	2542723	CK
4141348	zipangu	2451742	orcrist
4144991	xilv	4144902	Hybrid
4144995	xilv	4144832	CK
4145041	xilv	4142191	mervert1
4148374	jeedrek	2308186	CK
4148504	jeedrek	1025800	CK
4148542	jeedrek	3722013	CM
4156268	Fairlight	4155187	mervert1
4156284	Fairlight	6558578	sundown
4169766	jeedrek	906734	CK
4169793	jeedrek	906758	CK
4169800	jeedrek	906755	CK
4169805	jeedrek	906751	CK
4169845	jeedrek	906763	CK
4169863	jeedrek	906766	CK
4169872	jeedrek	906773	CK
4169875	jeedrek	281225	CK
4169901	jeedrek	254216	CN
4196791	Siganiv	2054876	marcelostockle
4196805	Siganiv	3075189	CK
4196807	Siganiv	3075189	CK
4225509	jeedrek	73538	Lepotdeterre
4225608	jeedrek	681370	Source_VOA
4225613	jeedrek	1092195	CK
4229788	jeedrek	887528	CK
4235073	anita4653	24002	Dejo
4241853	jeedrek	2014007	CK
4241894	jeedrek	2014033	CK
4287123	Pompon	1130688	jdonnarumma
4289222	Linette	2904411	araneo
4302466	durszarukin	754884	papabear
4314104	konrad509	4314108	konrad509
4327716	Rudzielec	4327607	mervert1
4327817	Rudzielec	4325102	monahxo
4327837	Rudzielec	4325090	patgfisher
4327997	Rudzielec	4321238	monahxo
4328033	Rudzielec	4321166	monahxo
4328045	Rudzielec	4321110	AlanF_US
4328116	Rudzielec	4316926	orcrist
4328124	Rudzielec	4316819	Rosijupon
4328156	Rudzielec	4314738	patgfisher
4328190	Rudzielec	4313832	menyo
4328215	Rudzielec	4311859	monahxo
4359724	liori	4076750	CK
4403874	Baakamono	2604604	JimBreen
4408545	Baakamono	8161269	TheNightAvl
4408605	Baakamono	12995089	araneo
4437698	Luanne	4435486	LB
4438795	Luanne	4430385	Objectivesea
4438893	Luanne	4409824	LB
4438957	Luanne	4404382	space_badger
4438970	Luanne	4402969	Lepotdeterre
4454591	Rudzielec	1961308	CK
4454593	Rudzielec	1961308	CK
4474018	Baakamono	2871215	Hybrid
4481111	Detharon	1025079	CK
4481152	Detharon	4478351	Hybrid
4491100	liori	3921802	CK
4491111	liori	3823218	CK
4491116	liori	3823197	CK
4512732	MarekMazurkiewicz	6199568	sundown
4544367	jeedrek	1970145	CK
4546988	jeedrek	2018850	CK
4547011	jeedrek	2018866	CK
4550566	jeedrek	2254930	CK
4558047	pyoturu	4557417	AlanF_US
4558513	jeedrek	4016380	CK
4558682	jeedrek	45684	CK
4573273	jeedrek	1094940	CK
4573328	jeedrek	259313	\N
4620738	Solurix	3767486	Hybrid
4647924	jeedrek	712972	darinmex
4714265	jeedrek	59342	CK
4716873	jeedrek	3481981	CK
4716877	jeedrek	3482721	CK
4717758	jeedrek	1548139	CM
4725786	BeataB	258982	CK
4727587	jeedrek	2542786	CK
4728123	jeedrek	1954547	CK
4730584	BeataB	4728694	paper1n0
4730625	BeataB	4728471	\N
4735378	BeataB	2247892	CK
4735490	BeataB	2244610	CK
4740494	Siganiv	4276441	mervert1
4748387	AgnieszkaC	37913	CK
4748436	AgnieszkaC	452769	FeuDRenais
4748461	AgnieszkaC	819892	CK
4768659	joannak	9817270	hecko
4785200	jeedrek	323151	CK
4787336	jeedrek	3734673	CK
4787363	jeedrek	3734694	CK
4789090	Chemiczny_Bogdan	4785907	anthrax26
4789091	Chemiczny_Bogdan	4785890	feyero
4789128	Chemiczny_Bogdan	4783317	AlanF_US
4789143	Chemiczny_Bogdan	4783040	al_ex_an_der
4789181	Chemiczny_Bogdan	4781749	mailohilohi
4790198	jeedrek	2272465	CK
4797388	jeedrek	3444512	CK
4797431	jeedrek	4450318	mervert1
4802066	jeedrek	41766	\N
4812956	jeedrek	2331237	erebea
4815344	jeedrek	2539235	CK
4817017	jeedrek	286924	\N
4818083	jeedrek	4662703	CK
4820962	jeedrek	2045820	CK
4820983	jeedrek	2045835	CK
4820984	jeedrek	2045836	CK
4821023	jeedrek	2940764	Hakaku
4828013	jeedrek	3446995	CK
4828035	jeedrek	4663767	CK
4828067	jeedrek	4663769	CK
4828078	jeedrek	4663775	CK
4828104	jeedrek	2738263	CK
4828166	jeedrek	4666509	CK
4828175	jeedrek	2854422	Wierdmin
4830002	jeedrek	1025308	CK
4834715	jeedrek	18088	CK
4837598	gin	3733711	CK
4837675	gin	3187259	CK
4837765	gin	3428546	CK
4837776	gin	2719840	Amastan
4840401	jeedrek	4757135	CK
4848794	jeedrek	1177587	CK
4848795	jeedrek	1177588	CK
4869379	Rudzielec	72230	CK
4869412	Rudzielec	1951955	CK
4869415	Rudzielec	1951955	CK
4869505	Rudzielec	886913	CK
4869508	Rudzielec	886913	CK
4869511	Rudzielec	4494362	CK
4869553	Rudzielec	3170709	CK
4869586	Rudzielec	1029059	CK
4881698	BeataB	2192131	acbarbosa
4881787	BeataB	4501637	CK
4881981	BeataB	3518556	CK
4886134	BeataB	495127	adjusting
4887008	BeataB	2281731	CK
4887011	BeataB	2301395	CK
4887759	BeataB	2382710	cribe
4889635	BeataB	1891125	CK
4916384	kleklekle	4915866	CK
4917178	kleklekle	681382	Source_VOA
4917180	kleklekle	681384	Source_VOA
4917181	kleklekle	681385	Source_VOA
4917206	kleklekle	257422	al_ex_an_der
4917220	kleklekle	2253363	_undertoad
4917229	kleklekle	682400	Source_VOA
4917250	kleklekle	682408	Source_VOA
4917257	kleklekle	682411	Source_VOA
4917260	kleklekle	682413	Source_VOA
4917262	kleklekle	682414	Source_VOA
4917273	kleklekle	682419	Source_VOA
4917348	kleklekle	4663060	CK
4931198	Martka	2005176	CK
4935739	aleksandraeska	4935558	CK
4940241	aleksandraeska	4935800	AlanF_US
4940304	aleksandraeska	4921458	CK
4940313	aleksandraeska	4921437	CK
4940328	aleksandraeska	4919862	CK
4950476	aleksandraeska	4949949	CK
4953068	aleksandraeska	4853436	CK
4953255	aleksandraeska	4904859	CK
4953328	aleksandraeska	4900613	CK
4957005	jeedrek	27558	CK
4974199	Siganiv	3919506	CH
4991175	sam	266333	CK
5065549	Hikaru	1530915	Spamster
5088025	nautilius87	5088007	al_ex_an_der
5088029	nautilius87	5086396	Zurich899
5089036	nautilius87	2718432	Hybrid
5097457	lumberpack	3990488	el_otro_Stephen
5097459	lumberpack	2951851	CK
5097533	lumberpack	680672	Source_VOA
5140090	Tomash	4912864	B_C
5142304	Tomash	5119526	Hybrid
5142336	Tomash	2102234	Hybrid
5143040	Tomash	2602602	Espi
5166225	krzysiek	5166224	krzysiek
5172237	Tomash	4662792	CK
5182848	Tomash	3788405	Eldad
5183413	Tomash	4135345	CK
5198888	Tomash	42232	CM
5199031	Tomash	3826013	CK
5200807	Tomash	5200572	CK
5201398	krzysiek	5201395	krzysiek
5217417	krzysiek	5217416	krzysiek
5219604	krzysiek	2545021	CK
5221489	konrad509	4645428	MatthewChriswood
5221682	konrad509	4017081	CK
5221771	Tomash	2203663	CK
5221805	Tomash	1024112	CK
5221849	konrad509	2541142	CK
5221910	Tomash	2402181	CK
5221968	Tomash	4344066	EmperorCharlesII
5222109	konrad509	4664574	CK
5223248	krzysiek	5223247	krzysiek
5224028	konrad509	3707701	andrewgtreantos
5224935	Tomash	277055	CM
5225236	Tomash	23410	Swift
5225306	Tomash	4494004	CK
5225310	Tomash	1972598	CK
5227409	Tomash	5227250	CK
5227442	Tomash	5226711	CK
5227509	Tomash	3820727	CK
5227914	Tomash	3736944	CK
5227933	Tomash	3734963	CK
5229168	Tomash	268559	Dejo
5229854	Tomash	303540	CM
5256183	Tomash	842991	J_S
5271514	krzysiek	434224	lukaszpp
5282717	Tomash	5282539	CK
5282736	Tomash	5280620	CK
5283586	Tomash	2361899	CK
5319655	machmet	5306703	CK
5319664	machmet	5319511	mailohilohi
5320385	Martka	5320384	Martka
5320386	Martka	5320390	Martka
5326209	machmet	773241	marloncori
5334984	krzysiek	275702	CM
5336325	machmet	1674433	garydale
5369991	Mateon1	3730405	CM
5370001	Mateon1	4684365	Hybrid
5383083	Tomash	5379821	CK
5383096	Tomash	5377308	CK
5388491	Kazik	1751615	Amastan
5406441	Tomash	3527394	Hybrid
5437846	pixelka	5432678	CK
5441525	pixelka	5358397	Dejo
5454980	Annika	3667098	_undertoad
5454984	Annika	5420444	Hybrid
5458653	Annika	8159714	TheNightAvl
5488073	rubber_duck	8160522	TheNightAvl
5493298	rubber_duck	5197795	tabular
5495866	rubber_duck	510573	CK
5502915	jeedrek	1094035	CK
5502918	jeedrek	1094038	CK
5502986	jeedrek	1094039	CK
5506304	rubber_duck	286549	CM
5522811	rubber_duck	5519751	mailohilohi
5528854	arie	49067	CM
5528939	arie	26748	auxitt
5558351	BeataB	1152180	belgavox
5608480	kami987	6029629	Huskion
5608484	kami987	6031309	Huskion
5608493	kami987	6029612	Huskion
5608496	kami987	6029613	Huskion
5608497	kami987	6029615	Huskion
5627112	machmet	272043	CK
5627145	machmet	1841180	CK
5627211	machmet	1850251	CK
5627261	machmet	1913089	CK
5627262	machmet	1913090	CK
5629689	machmet	2005190	CK
5629694	machmet	2044414	CK
5629880	machmet	2111180	CK
5629951	machmet	2111198	CK
5629952	machmet	2111199	CK
5630000	machmet	2123534	CK
5636920	machmet	2203708	CK
5636921	machmet	2203714	CK
5651901	machmet	2111381	CK
5652020	machmet	2011289	CK
5652370	machmet	2111494	CK
5653014	kami987	6029581	Huskion
5659903	machmet	2111561	CK
5662054	machmet	2111726	CK
5662103	machmet	2202792	CK
5662186	Sciapan	6029284	Huskion
5664862	machmet	1691831	CK
5664870	machmet	1895603	CK
5664946	machmet	2202807	CK
5665019	machmet	2203114	CK
5665040	machmet	2203462	CK
5665111	machmet	2202948	CK
5665141	machmet	2203016	CK
5665146	machmet	2203022	CK
5665296	machmet	2203492	CK
5665321	machmet	2203385	CK
5665349	machmet	2203303	CK
5665378	machmet	2203216	CK
5700264	CarloLardini	6029513	Huskion
5703720	Annika	2275958	CK
5703757	Annika	595800	darinmex
5717251	CarloLardini	6029388	Huskion
5718793	jeedrek	3156828	CK
5718824	jeedrek	3156831	CK
5728014	jeedrek	2956883	CK
5732776	jeedrek	1745679	Spamster
5733253	jeedrek	457120	FeuDRenais
5795196	jeedrek	3202130	CK
5795289	jeedrek	1662749	Amastan
5807556	jeedrek	5625127	CK
5868616	BeataB	31336	CK
5879252	jeedrek	1305686	CK
5882611	jeedrek	2451309	CK
5889710	jeedrek	73639	\N
5890575	BeataBeeM	407085	FeuDRenais
5900489	BeataB	3479899	CK
5900540	BeataB	4493632	CK
5909134	Ceresnya	6029335	Huskion
5909179	Ceresnya	433808	CK
5910636	qmak	16321	CK
5910640	qmak	5828672	CK
5913206	jeedrek	292919	CK
5913600	jeedrek	292938	CK
5913615	jeedrek	292942	CM
5920929	Annika	5920123	Sethlang
5924495	Annika	2648708	CK
5927972	jeedrek	297894	\N
5927973	jeedrek	297895	\N
5932931	qmak	6029300	Huskion
5933096	qmak	6029212	Huskion
5947057	jeedrek	448981	blay_paul
5948364	qmak	6029193	Huskion
5953791	jeedrek	2389925	CK
5954540	jeedrek	38730	CK
5955342	stagos	5953585	mailohilohi
5956193	stagos	5956057	mailohilohi
5956220	stagos	5956000	mailohilohi
5956286	stagos	5678221	alicam1010
5959870	stagos	6029184	Huskion
5959893	stagos	6029174	Huskion
5959922	stagos	6029172	Huskion
5959944	stagos	6029161	Huskion
5960521	jeedrek	47286	CM
5960567	jeedrek	299232	CK
5961686	jeedrek	30673	CK
5961715	jeedrek	1898028	CK
5961814	stagos	5961644	mailohilohi
5961819	stagos	5961617	mailohilohi
5961869	stagos	5961565	mailohilohi
5966767	jeedrek	685869	CK
5974901	stagos	5974396	ApioDelPueblo
5985106	jeedrek	5795731	CK
5993165	stagos	5992911	Hybrid
5999401	qmak	6029129	Huskion
6014624	Martka	6029120	Huskion
6029682	Huskion	6029559	mailohilohi
6030184	BeataB	680760	Source_VOA
6030369	BeataB	1113241	CM
6031057	BeataB	3464952	sciberc
6031084	BeataB	282319	CM
6031090	BeataB	3316837	CK
6031091	BeataB	5642077	joshodude_1308
6031094	BeataB	279101	CK
6098613	Darellur	2843366	AlanF_US
6109637	Krzysztof92	8159731	TheNightAvl
6109641	Krzysztof92	8160064	TheNightAvl
6109655	Krzysztof92	10780038	hecko
6109661	Krzysztof92	10472215	hecko
6132858	not_yet	6132857	not_yet
6134532	qmak	10633038	sundown
6150569	zipangu	1522144	LittleBoy
6154716	arie	4466777	maizewen
6155025	arie	271812	CK
6155119	arie	522185	CK
6155126	arie	2955866	CK
6155144	arie	1142772	CM
6155563	arie	5877287	mailohilohi
6155589	arie	5856508	JohnKnaphus
6155592	arie	5870557	peterius
6155602	arie	5867865	Hybrid
6155756	arie	8160225	TheNightAvl
6155767	arie	6160514	sundown
6155778	arie	6158622	sundown
6156045	arie	6155889	sundown
6156050	arie	6155082	carlosalberto
6156057	arie	6154051	tinowls
6156058	arie	6154017	CarpeLanam
6156395	arie	8159811	TheNightAvl
6156445	arie	3199874	CK
6156448	arie	5309948	tinowls
6156535	arie	2451459	CK
6156601	arie	5823160	OsoHombre
6157220	arie	5938625	CK
6157224	arie	3831701	CK
6157290	arie	2540396	CK
6157303	arie	1491707	Spamster
6157359	arie	5494246	CK
6157412	arie	5130111	CK
6157504	arie	1493087	AKINCI81
6157521	arie	4498332	CK
6157614	arie	294611	kebukebu
6157650	arie	1516419	CK
6157950	arie	6157171	amoeba
6157988	arie	6156787	carlosalberto
6159375	arie	47732	AlanF_US
6159385	arie	2275401	CK
6159408	arie	3457465	Eldad
6159853	arie	6153532	rayshih715
6159855	arie	6153359	CK
6160040	arie	8160777	TheNightAvl
6160190	arie	574250	FeuDRenais2
6160252	arie	4498133	CK
6160260	arie	1418746	Spamster
6160277	arie	1818235	Chrikaru
6160295	arie	2995256	CN
6160498	arie	2028089	halfb1t
6160516	arie	512893	darinmex
6160542	arie	243142	CK
6160587	arie	3167761	Theocracy
6160623	arie	5254261	soweli_Elepanto
6160704	arie	38590	CM
6160714	arie	274972	Dreamk33
6160722	arie	434212	lukaszpp
6160723	arie	434746	lukaszpp
6160732	arie	462526	lukaszpp
6160769	arie	808719	ryanthewired
6160773	arie	829113	sacredceltic
6160775	arie	835208	U2FS
6160943	arie	6151387	Bravus
6160995	arie	6162780	sundown
6170129	Annika	4498261	CK
6170136	Annika	5729915	CM
6170140	Annika	4538743	\N
6170173	Annika	2181968	Hybrid
6178829	qmak	273619	CM
6178919	qmak	324911	CM
6207682	arie	6207963	sundown
6207685	arie	6207966	sundown
6207738	arie	6316445	sundown
6207847	arie	6210537	sundown
6217071	polishamerican	698631	papabear
6217135	polishamerican	2458607	CK
6300213	arie	6307205	shekitten
6302117	arie	6305836	sundown
6304027	arie	10777895	hecko
6304072	arie	6308917	sundown
6304111	arie	6311763	sundown
6304154	arie	6304039	OsoHombre
6305485	fau	5226413	AlanF_US
6305525	fau	3909324	CH
6305529	fau	283467	CS
6305694	fau	962251	mayok
6305767	fau	6171136	RobinvanderVliet
6306731	fau	2877275	CK
6306739	fau	3819799	CK
6306766	fau	5929966	Hybrid
6306781	fau	299753	CK
6308133	arie	5121203	crbk92
6308152	arie	4375739	CH
6309086	arie	5289475	SnowyDoll
6309179	arie	2484985	AlanF_US
6309200	arie	762939	U2FS
6309667	arie	6309952	sundown
6309680	arie	6309878	sundown
6313066	arie	2957129	CK
6313148	arie	3159124	patgfisher
6313799	arie	5699143	\N
6313833	arie	2755310	verdulo
6313903	arie	57956	CM
6314013	arie	314663	CK
6314029	arie	2266237	_undertoad
6314053	arie	300548	sundown
6315407	arie	296697	\N
6316927	qmak	302365	AlanF_US
6316976	qmak	278610	AlanF_US
6319645	arie	6321677	sundown
6320301	arie	6322782	sundown
6320369	arie	10777636	hecko
6320472	arie	2958549	CK
6320676	arie	6097534	CK
6322227	arie	436837	lukaszpp
6322228	arie	455765	lukaszpp
6322230	arie	437067	lukaszpp
6322239	arie	463044	lukaszpp
6322296	arie	462694	lukaszpp
6327797	arie	6377553	sundown
6327840	arie	12945086	sundown
6328108	arie	44263	CM
6328144	arie	2069347	_undertoad
6328980	Zdzich	392296	AlanF_US
6368371	mojeanin	6325656	carlosalberto
6368377	mojeanin	6326196	OsoHombre
6371457	mojeanin	6319432	Hybrid
6371461	mojeanin	6319466	Hybrid
6373362	mojeanin	247961	CK
6374267	mojeanin	5074314	CK
6381371	mojeanin	6383630	sundown
6391728	mojeanin	1867981	CK
6404047	arie	5369334	CK
6404052	arie	271939	Zifre
6406070	arie	6441655	sundown
6406125	arie	8160573	TheNightAvl
6406169	arie	777268	CM
6441587	arie	6441462	carlosalberto
6441640	arie	6440741	OsoHombre
6464185	mojeanin	3823896	CK
6467397	nusia2302	4887770	CK
6477371	mojeanin	471426	krisher
6477399	mojeanin	12132070	hecko
6483087	mojeanin	803658	Eldad
6484555	arie	1343965	Chrikaru
6484985	mojeanin	1070871	sundown
6532975	arie	6199691	sundown
6532978	arie	6200438	sundown
6533116	arie	5078240	sundown
6534209	arie	5308240	rhys_mcg
6534252	arie	49551	orcrist
6534394	arie	6449916	sundown
6534428	arie	29004	CK
6534498	arie	2818767	memries
6534558	arie	5744535	CM
6534576	arie	6146067	sundown
6541899	arie	6179132	sundown
6541915	arie	6475512	Selena777
6541920	arie	19820	AlanF_US
6541949	arie	2744199	CK
6541977	arie	6116231	mailohilohi
6541991	arie	2283746	CK
6546517	arie	4016532	CK
6547538	arie	16184	CK
6547600	arie	4013339	CK
6547623	arie	246721	\N
6547815	arie	6547813	Hybrid
6548149	arie	44350	Dejo
6553655	arie	2400215	CK
6553666	arie	1140990	CK
6553694	arie	6540693	sundown
6553695	arie	6532762	OsoHombre
6553736	arie	6552966	OsoHombre
6553861	arie	2546312	CK
6553933	arie	2372855	CK
6554097	arie	2007631	CK
6554346	arie	31264	CK
6554369	arie	6357044	CK
6598964	princes21	6046842	mailohilohi
6599011	princes21	2099245	nonong
6602337	princes21	3915702	CH
6602809	princes21	2911962	CK
6602907	princes21	6253582	CK
6603103	princes21	1860496	CK
6603198	princes21	3832031	CK
6603305	princes21	6247039	CK
6603366	princes21	1751590	Amastan
6671275	juu_ichi	6670637	Hybrid
6676835	juu_ichi	6676812	CK
6681855	juu_ichi	138751	dkulp
6681865	juu_ichi	328289	fcbond
6682407	juu_ichi	57111	CM
6683319	juu_ichi	328486	fcbond
6683322	juu_ichi	328625	fcbond
6689526	juu_ichi	6689431	Hybrid
6689578	juu_ichi	6688318	CK
6690761	qmak	301887	CK
6696088	juu_ichi	6696085	CK
6696193	juu_ichi	6696076	CK
6729192	arie	6729086	CK
6729194	arie	6729054	CK
6729200	arie	6729046	CK
6729222	arie	6728974	Eccles17
6729245	arie	6728878	CK
6729536	arie	914029	Jane_Austen
6729600	arie	1469822	AMIKEMA
6729683	arie	773584	marloncori
6763986	juu_ichi	6759999	CK
6771291	arie	2740345	hantol01
6773340	arie	6761251	Hybrid
6773383	arie	6759903	Hybrid
6773386	arie	6742816	Hybrid
6794761	qmak	1933572	CK
6876205	konrad509	5736033	CM
6879563	qmak	42113	CK
6879622	qmak	5649468	Schierbeck
6895080	ridilla	4761208	billt_estates
6903893	qmak	2663321	CK
6903895	qmak	3537643	trieuho
6908618	jeedrek	5850890	CK
6935651	jestembluepanda2	5937651	mailohilohi
6935713	jestembluepanda2	1638007	GeeZ
6935761	jestembluepanda2	2275235	CK
6935787	jestembluepanda2	277524	\N
6937979	qmak	1334452	Scott
6999985	BeataB	6276478	Kiwi
7002305	BeataB	1356763	sacredceltic
7005708	kz7	7004752	CK
7043525	kz7	323110	CK
7053934	arie	7052915	shekitten
7054026	arie	274286	CK
7114683	juu_ichi	7091965	Eccles17
7123480	Siganiv	2184756	CM
7151351	arie	2203634	CK
7164745	arie	6885603	Dalyup
7164803	arie	2958756	CK
7164909	arie	6269512	CK
7165587	arie	1662409	Amastan
7183271	arie	6842763	CK
7183302	arie	6061718	garynw
7183651	arie	4750642	CK
7183689	arie	2245279	CK
7184074	arie	6647285	CK
7184626	arie	7165887	deniko
7184823	arie	7115950	deniko
7184874	arie	6969223	deniko
7185137	arie	6537067	deniko
7246894	qmak	5845931	CK
7246899	qmak	3238980	CK
7303739	User81139	7303542	OsoHombre
7304050	User81139	5938415	CK
7333812	User81139	3535197	adamtrousers
7334274	User81139	7334267	User81139
7334292	User81139	7334287	User81139
7334691	User81139	7334690	User81139
7334787	User81139	5512041	mailohilohi
7334864	User81139	7334860	User81139
7428863	qmak	3058789	OJR1
7428868	qmak	1299727	Eldad
7457354	qmak	6698282	Eccles17
7493660	qmak	3832399	tyam
7551412	qmak	5725984	CM
7551439	qmak	292466	CM
7554670	qmak	44645	\N
7582450	qmak	7582449	qmak
7582469	qmak	6909367	kaiperkins271
7610523	qmak	3859270	corvard
7679568	qmak	3314630	CK
7679588	qmak	6473438	Hybrid
7679596	qmak	2924656	Hybrid
7681571	qmak	18686	CK
7703379	qmak	239759	U2FS
7703393	qmak	248545	CK
7707267	qmak	47253	orcrist
7710674	qmak	1484760	Spamster
7713570	qmak	1518453	wallebot
7713586	qmak	289947	CH
7726410	qmak	6005512	mailohilohi
7754702	qmak	3253803	mervert1
7755780	qmak	282239	CM
7778942	FixKey	1105645	Haehnchenpaella
7785134	qmak	8533346	sundown
7785135	qmak	10774645	hecko
7818293	Hanyel	2453175	fenfang557
7875504	maria_lysik	1770535	Amastan
7881183	Siganiv	5136531	Airvian
7886501	grunermann	2163161	Source_VOA
7886503	grunermann	2163165	Source_VOA
7886543	grunermann	1868031	CK
7886560	grunermann	7736782	CK
7891099	maria_lysik	24515	mccarras
7891511	maria_lysik	2242813	CM
7913812	qmak	3840494	carlosalberto
7960492	arie	355604	Hautis
7960658	arie	5728988	CM
7960682	arie	6796813	Eccles17
7960704	arie	7471434	CT
7960748	arie	2388110	CK
7960837	arie	5746002	CM
7960846	arie	2953812	CK
7960854	arie	1856701	Scott
7960857	arie	580280	darinmex
7962621	arie	6713879	OsoHombre
7962627	arie	6002339	CK
7962628	arie	5942241	mailohilohi
7969920	arie	6676372	CK
7969933	arie	4497354	CK
7969962	arie	2490712	Hybrid
7969982	arie	3590752	Plusquamperfekt
7970825	arie	6710101	OsoHombre
7970924	arie	7117329	CM
7970942	arie	2169009	FeuDRenais2
7970950	arie	34899	AlanF_US
7970963	arie	2253420	_undertoad
7972292	arie	3222995	CK
7972293	arie	3201551	CK
7972303	arie	7140254	CK
7972334	arie	42629	CM
8096818	Ptr	7213013	CK
8099721	Balamax	2301159	Hybrid
8108562	woof	3329683	CK
8116145	qmak	2250267	CK
8116146	qmak	2271956	CK
8116150	qmak	48608	CM
8135019	MCcommand	5213031	mailohilohi
8135063	MCcommand	7288351	OsoHombre
8166638	arie	7548019	Hybrid
8166662	arie	737153	Martha
8166715	arie	6437805	CK
8166758	arie	7987526	OsoHombre
8175348	arie	6863234	Hybrid
8178383	arie	1402777	captcrouton
8178409	arie	5991181	Adelpa
8178495	arie	3177935	CK
8178517	arie	7008104	Hybrid
8178596	arie	1403177	Eldad
8178713	arie	5422768	CK
8182258	arie	5085949	CK
8192656	qmak	5731884	CM
8192661	qmak	887433	CK
8231460	grunermann	7212986	CK
8426990	nusia2302	5222440	AlanF_US
8501853	nusia2302	2111823	CK
8504618	nusia2302	12933726	araneo
8511126	nusia2302	2123574	CK
8525072	MCcommand	5731767	CM
8529782	MCcommand	8529786	MCcommand
8529890	MCcommand	8529891	MCcommand
8543098	nusia2302	521096	CK
8545667	qmak	2252608	CK
8608519	arie	12715755	kontomilosza
8608678	arie	255212	adjusting
8610194	arie	2663252	CK
8610246	arie	742231	CM
8610247	arie	2414073	CK
8613353	arie	2640083	CK
8613356	arie	2958518	CK
8617136	arie	23865	CM
8617196	arie	1329340	Scott
8617257	arie	2111814	CK
8617264	arie	2111816	CK
8617298	arie	2111873	CK
8617435	arie	2203620	CK
8617549	arie	2549401	CK
8617611	arie	3120878	Hybrid
8617615	arie	3171854	CK
8617772	arie	9828343	PlaguedPixel
8617828	arie	8381162	CK
8617834	arie	7902966	Endrio
8617836	arie	7130516	CM
8617853	arie	3060798	sharptoothed
8617856	arie	2912067	CK
8627649	arie	10260633	sundown
8665146	tomaszsmtc	6823802	CK
8666104	tomaszsmtc	11371533	ddnktr
8670295	tomaszsmtc	9458167	DJ_Saidez
8673712	MCcommand	8673708	MCcommand
8676339	Agnies	8673624	CK
8676521	Agnies	2363091	Tamy
8708362	nusia2302	2649014	CK
8725837	nusia2302	7533454	deniko
8743090	gryzus24	2835684	CK
8743594	nusia2302	2548568	CK
8745906	Tadeusz	1766605	belgavox
8750060	Tadeusz	24601	mamat
8750994	nusia2302	55038	CK
8754439	Martka	5661533	marcj794
8754518	Martka	8754519	Martka
8755769	nusia2302	6049386	mailohilohi
8757550	gryzus24	5834891	CK
8761389	nusia2302	8977006	sundown
8770368	nusia2302	314890	CK
8778930	nusia2302	8901623	farmersa
8809718	digitcrusher	7683459	Hybrid
8809730	digitcrusher	6359958	OsoHombre
8809774	digitcrusher	8063965	CK
8836272	digitcrusher	2543514	CK
8836311	digitcrusher	7733579	CK
8948270	antek55	283484	AlanF_US
8948350	antek55	7377500	CF
8948372	antek55	7168148	CK
8948448	antek55	4719443	anthrax26
8948647	antek55	5745881	CM
8948653	antek55	2127241	freddy1
8948665	antek55	8907430	The_World_Factbook
8949289	antek55	2092482	CK
8992161	digitcrusher	5190899	CK
8993408	digitcrusher	4172101	Hybrid
8993420	digitcrusher	2641858	CK
9028008	digitcrusher	2399372	orcrist
9042326	gregb	1102982	jamessilver
9059397	nusia2302	2917300	AlanF_US
9086538	qmak	328452	fcbond
9117291	nusia2302	10716427	sundown
9226374	nusia2302	11864492	sundown
9241831	nusia2302	5337242	Hybrid
9532974	mronyszko	10867278	sundown
9573163	Shounen	9573156	soliloquist
9663568	mojeanin	6899131	CK
9678546	mojeanin	278392	CM
9679268	Tomo77	370605	saeb
9679553	mojeanin	4013498	CK
9679587	mojeanin	20007	CK
9679591	mojeanin	20024	CK
9679665	mojeanin	8084691	Ricardo14
9679674	mojeanin	2985333	sharptoothed
9679690	qmak	813068	papabear
9684274	aurchykr	8520256	CH
9684346	aurchykr	9642418	CK
9684411	aurchykr	7208792	OsoHombre
9684508	aurchykr	2738874	CK
9684535	aurchykr	8206727	josivangoncalves
9684543	aurchykr	2712885	CK
9686196	aurchykr	8587179	Adelpa
9686263	aurchykr	1640912	Dejo
9686387	aurchykr	4950201	CarpeLanam
9686388	aurchykr	5189129	CK
9686429	aurchykr	3678648	Eldad
9686464	aurchykr	6258370	CK
9686502	aurchykr	2633496	Hybrid
9686718	aurchykr	3930791	Amastan
9686775	aurchykr	8064766	OsoHombre
9686854	aurchykr	7542295	CK
9686879	aurchykr	3657572	MTC
9807280	hecko	1674433	garydale
9817535	angloland	3604420	adamtrousers
9821350	Tomo77	12054262	vxern
9821685	hecko	4498324	CK
9821701	hecko	9715202	shekitten
9845840	Cezrun64	6568741	Hybrid
9852893	robertlit	643277	darinmex
9852996	robertlit	3723963	CM
9951659	qmak	7956590	AlanF_US
10040303	Balamax	10040293	CK
10069013	NiklausRupail	8389176	CK
10077486	pabik	8525393	CH
10091373	pabik	3188190	Joseph
10091381	pabik	8526770	CH
10102039	hecko	2237629	CK
10115214	AndrzejB	8527876	CH
10115226	AndrzejB	59081	CK
10115231	AndrzejB	9052581	CK
10137702	Walentinio	6664947	CK
10155185	Shounen	4600579	DarkHollow
10160025	Shounen	9842034	CK
10167982	Shounen	10167416	CK
10168012	Relinger	2361810	CK
10168031	Relinger	7391457	CH
10168038	Relinger	6222532	CK
10168315	Shounen	10168164	CK
10168317	Shounen	10167970	CK
10168338	Shounen	10151959	CK
10168578	Shounen	2360607	CK
10169052	Shounen	10169050	CK
10188489	maaardzi	10691818	sundown
10200755	Shounen	2953223	CK
10201323	radoskan	13429068	sundown
10202661	Marlena	10190045	ddnktr
10202665	Marlena	10190064	ddnktr
10202674	Marlena	10192110	ddnktr
10202677	Marlena	10192810	ddnktr
10202689	Marlena	10198351	shekitten
10202690	Marlena	10201347	shekitten
10202697	Marlena	10191374	AlanF_US
10202706	Marlena	10195018	magnificentgoddess
10202731	Marlena	10191049	sundown
10202735	Marlena	10191269	sundown
10202747	Marlena	10191188	sundown
10202773	Marlena	10196935	DJ_Saidez
10202775	Marlena	10196801	DJ_Saidez
10202800	Marlena	10202528	Hybrid
10202989	Marlena	10196822	DJ_Saidez
10203113	Marlena	3616321	Hybrid
10203128	Marlena	19525	fishda
10203148	Marlena	7735321	CK
10203151	Marlena	638323	blay_paul
10203152	Marlena	1981153	CK
10203163	Marlena	2731806	Amastan
10203172	Marlena	7141230	OsoHombre
10203190	Marlena	2731811	Amastan
10203194	Marlena	6234637	CK
10203197	Marlena	10069571	tsp_2
10203203	Marlena	9388628	Objectivesea
10203222	Marlena	10194874	Hybrid
10204131	Marlena	10204055	terrywallwork
10204319	Marlena	7926342	CK
10205865	Marlena	5642769	CK
10235176	zakid	14066996	araneo
10266189	qmak	4501529	CK
10319983	Artemal	5282477	mailohilohi
10363597	Cezrun64	252721	CK
10458844	hecko	250501	\N
10458992	hecko	10243770	shekitten
10460394	hecko	10460393	hecko
10460771	hecko	10460772	hecko
10460833	hecko	10460837	hecko
10462238	hecko	10462231	hecko
10462417	Shounen	682370	Source_VOA
10463009	hecko	9046049	Hybrid
10463015	hecko	256655	shekitten
10463584	hecko	28128	CK
10463608	hecko	6088145	CK
10463697	Shounen	10463650	CK
10463767	Shounen	7140683	CK
10463845	Shounen	252220	CK
10463846	hecko	9798119	shekitten
10463850	Shounen	489449	CK
10463855	Shounen	489449	CK
10463872	Shounen	309876	CH
10464008	Shounen	10464038	Shounen
10464408	Shounen	5791599	maaster
10464413	Shounen	3731394	CM
10464415	Shounen	6200074	sundown
10465531	hecko	6587083	popball
10466049	Shounen	2535223	Balamax
10466086	Shounen	8050956	Dejo
10466198	Shounen	35187	CM
10466232	Shounen	6034951	Adelpa
10466234	Shounen	9916224	AlanF_US
10466249	Shounen	8300798	Hybrid
10466477	Shounen	10466446	Adelpa
10466478	Shounen	10466446	Adelpa
10467675	hecko	10465875	hecko
10467934	hecko	10140946	DJ_Saidez
10468073	Shounen	10468062	Julien_PDC
10468133	Shounen	238462	CM
10468134	Shounen	238462	CM
10468140	Shounen	6475515	Selena777
10468146	Shounen	6695836	Hybrid
10468174	Shounen	1527866	CM
10468179	Shounen	6929384	Eccles17
10468201	Shounen	2951912	CK
10468218	Shounen	2245583	CK
10468288	Shounen	2644966	CK
10468291	Shounen	2734025	CK
10468354	Shounen	32781	AlanF_US
10468379	Shounen	1455022	bpeel
10469115	Shounen	2545737	CK
10469139	Shounen	10225158	Amastan
10469147	Shounen	9044853	Amastan
10469327	Shounen	6860416	Hybrid
10469364	Shounen	6402946	OsoHombre
10469418	Shounen	63700	Zifre
10469837	hecko	6831574	Eccles17
10469857	hecko	4012914	CK
10470309	hecko	10317657	shekitten
10470384	hecko	10020646	shekitten
10470488	hecko	7962838	deniko
10472370	hecko	9101344	shekitten
10472372	hecko	10234459	shekitten
10472529	hecko	10472530	hecko
10473353	hecko	10257379	Adelpa
10473550	hecko	8790577	shekitten
10473553	hecko	8089783	deniko
10475093	Shounen	6822148	CK
10475095	Shounen	6822148	CK
10475301	Shounen	2763481	mervert1
10482325	Shounen	10482320	CK
10482959	hecko	332189	awael58
10482993	hecko	278208	CK
10483224	hecko	7079790	verymuchso
10483293	hecko	9843870	Ooneykcall
10483329	hecko	6418005	CF
10484343	hecko	3168557	CK
10485126	hecko	10147299	ddnktr
10493699	Shounen	460323	beauzavier
10493702	Shounen	10472255	AlanF_US
10495093	Shounen	5530268	carlosalberto
10496455	Shounen	9681870	CK
10503898	Shounen	10503889	CK
10509538	Shounen	25891	CK
10509545	Shounen	10509539	CK
10512916	Shounen	10512914	CK
10517496	Shounen	275996	CM
10526984	Shounen	10525195	CK
10529101	Shounen	10529096	CK
10529104	Shounen	10528713	DJ_Saidez
10529878	Shounen	756892	CM
10529884	Shounen	749760	sctld
10530129	Shounen	10530130	Shounen
10530134	Shounen	10530127	CK
10541852	tokzyk	7113530	CM
10541864	tokzyk	10541860	CK
10541870	tokzyk	9188007	CK
10542016	tokzyk	2467275	raggione
10542167	tokzyk	2635014	Joseph
10542342	tokzyk	1951685	CK
10542360	tokzyk	25498	CK
10542403	tokzyk	2039	brauliobezerra
10542540	tokzyk	2261879	CK
10542694	tokzyk	1896	Swift
10542810	tokzyk	2051	CK
10542834	tokzyk	3496245	_undertoad
10542871	Shounen	10542128	CK
10543441	tokzyk	5267682	CK
10543456	tokzyk	2111742	CK
10544000	tokzyk	3231280	CK
10544035	tokzyk	2956687	CK
10545314	tokzyk	2152	CM
10546324	tokzyk	2376598	CK
10547658	tokzyk	8128203	CK
10547729	tokzyk	5943	Zifre
10548460	tokzyk	2479	Zifre
10549836	tokzyk	1349967	sacredceltic
10550629	Shounen	48137	CM
10556215	tokzyk	2264176	sharptoothed
10558090	tokzyk	40332	CK
10558476	antio	960018	sacredceltic
10558494	antio	3723398	CM
10558497	antio	59908	CK
10558507	antio	63493	CM
10558513	antio	3477578	CK
10558529	antio	9681883	CK
10558531	antio	6534629	sundown
10558533	antio	39166	CK
10558534	antio	7549332	CK
10558537	antio	8516411	CH
10558539	antio	2662852	CK
10558541	antio	6435776	CK
10559642	antio	6271625	CK
10559664	antio	2323068	CK
10559666	antio	272379	CM
10559677	antio	6269935	CK
10563917	antio	5741359	CM
10565643	tokzyk	1366	Zifre
10565650	tokzyk	2248487	CK
10565716	tokzyk	2123619	CK
10565804	tokzyk	52014	CK
10566195	tokzyk	2528462	BoriQa
10567286	tokzyk	10567284	CK
10568117	antio	57523	CM
10568126	antio	7111093	CM
10568131	antio	8533232	sundown
10568159	antio	9837851	Nylez
10568168	antio	8863645	moxy
10568186	antio	5800435	Eccles17
10568616	tokzyk	266212	Haneen
10568805	tokzyk	68954	CK
10570884	tokzyk	1775	CM
10571130	tokzyk	786053	hrin
10571192	tokzyk	70287	CK
10571347	tokzyk	7665909	AlanF_US
10571447	tokzyk	6825846	CK
10571883	tokzyk	3330900	CK
10572282	tokzyk	6224636	CK
10572615	tokzyk	1300736	CK
10572814	tokzyk	6898430	CK
10573076	tokzyk	1577	CK
10573192	tokzyk	9646207	shekitten
10574161	tokzyk	3733040	CK
10574182	tokzyk	242712	CK
10574713	antio	2612587	MethodGT
10574781	tokzyk	1538983	SHamp
10575042	tokzyk	7542259	CK
10577001	Shounen	1093309	CK
10578986	tokzyk	36498	CK
10580959	polski_ren	272129	CK
10580998	polski_ren	3933115	Amastan
10581000	polski_ren	6250267	CK
10581014	polski_ren	556795	kebukebu
10581261	polski_ren	3677252	Hybrid
10581312	polski_ren	1665239	Amastan
10581369	polski_ren	1376	CK
10581418	polski_ren	1492	Zifre
10581437	polski_ren	1601	CK
10581447	polski_ren	1542	blay_paul
10581460	polski_ren	1536	adiante19
10581916	polski_ren	281801	CK
10582392	polski_ren	3620098	CK
10582410	polski_ren	5099633	jhomel
10584016	polski_ren	1872461	CK
10584278	polski_ren	1860494	CK
10584338	polski_ren	6124808	CK
10584346	polski_ren	2641762	CK
10584490	tokzyk	1829615	Spamster
10584492	tokzyk	1830396	CK
10584695	tokzyk	264900	\N
10584890	tokzyk	2248394	CK
10584926	tokzyk	6954926	Eccles17
10585369	polski_ren	2698624	WestofEden
10585374	polski_ren	3147956	CK
10585378	polski_ren	7388902	CH
10586383	antio	2539015	CK
10586415	antio	5162694	Barra
10586432	antio	7377701	CF
10586560	polski_ren	4768074	garborg
10586618	polski_ren	10275294	sundown
10586963	polski_ren	6676220	CK
10587045	polski_ren	6035813	mailohilohi
10587075	polski_ren	8097821	CK
10587084	polski_ren	8584846	Ergulis
10587116	polski_ren	6272720	CK
10587541	polski_ren	4366777	marllboro06
10587545	polski_ren	9464663	sundown
10587555	polski_ren	7912797	adiante19
10587588	polski_ren	5218658	CK
10587615	polski_ren	1159480	tinytina
10587654	polski_ren	7888571	shekitten
10588201	tokzyk	7127480	CM
10588387	tokzyk	41675	CK
10588528	tokzyk	1018426	CM
10588530	tokzyk	7520263	CK
10589291	polski_ren	2799024	Hybrid
10589346	polski_ren	8821640	shekitten
10592493	tokzyk	10592484	CK
10592627	polski_ren	7762169	Hybrid
10592630	polski_ren	5630817	zzxjoanw
10592816	polski_ren	10772824	hecko
10592898	polski_ren	5120989	CK
10592905	polski_ren	10142175	ddnktr
10592960	polski_ren	3924545	BHO
10593827	polski_ren	1541495	Spamster
10593840	polski_ren	5300585	CK
10593842	tokzyk	402788	FeuDRenais
10593860	polski_ren	10110462	ddnktr
10593892	polski_ren	3308361	CK
10593920	zakid	5780398	mailohilohi
10593968	zakid	3598227	CK
10593974	zakid	7989847	OsoHombre
10593989	zakid	8913963	Ergulis
10593992	zakid	10132183	Amastan
10594002	tokzyk	1635279	Amastan
10594009	zakid	7111317	CM
10594015	zakid	6029425	mailohilohi
10594021	zakid	2539485	CK
10594024	zakid	4303519	monahxo
10594025	zakid	6084013	CK
10594063	tokzyk	72293	CK
10595059	polski_ren	4600299	Hybrid
10595316	polski_ren	6924069	Eccles17
10595411	polski_ren	259378	Zifre
10596272	polski_ren	8195779	CK
10596327	polski_ren	8416699	CK
10596363	polski_ren	6049389	mailohilohi
10596436	polski_ren	7751171	shekitten
10597119	tokzyk	3586480	Ricardo14
10597310	polski_ren	6681984	CK
10597369	polski_ren	8416705	CK
10597456	polski_ren	18231	papabear
10597674	polski_ren	35529	CK
10597677	polski_ren	64141	CK
10597879	tokzyk	311080	CK
10597986	polski_ren	324880	CK
10598030	polski_ren	707386	papabear
10598262	polski_ren	847119	Source_Benedict_1921
10598272	polski_ren	887598	CK
10598372	polski_ren	1097959	cntrational
10599031	polski_ren	3359964	CK
10599055	polski_ren	8562657	CK
10599056	polski_ren	279063	CM
10599076	polski_ren	2111829	CK
10599100	polski_ren	324097	CM
10599106	polski_ren	324095	CK
10599132	polski_ren	2753625	MarijnKp
10599145	polski_ren	3647577	patgfisher
10599146	polski_ren	1304629	CK
10599710	polski_ren	4496209	CK
10599759	polski_ren	8550075	CK
10599771	polski_ren	8908217	CK
10599787	polski_ren	2258369	_undertoad
10599791	polski_ren	315607	Dejo
10600568	polski_ren	5817206	CK
10600596	polski_ren	7544187	CK
10600703	polski_ren	6253454	CK
10600854	polski_ren	303980	CK
10601322	tokzyk	5858580	CK
10602041	tokzyk	6429697	CF
10602684	tokzyk	554615	CM
10602836	polski_ren	3170609	CK
10602843	polski_ren	9250441	CK
10602844	polski_ren	9399153	CK
10602849	polski_ren	9686982	shekitten
10602853	polski_ren	57999	CK
10602866	polski_ren	2267643	_undertoad
10602867	polski_ren	9840645	CK
10602888	polski_ren	6273337	CK
10603490	tokzyk	294202	CK
10603890	tokzyk	251649	CK
10604120	polski_ren	7061904	Adelpa
10604125	polski_ren	7466956	Hybrid
10604142	polski_ren	35795	CK
10604151	polski_ren	9934002	CK
10604538	tokzyk	3428669	CK
10604883	polski_ren	681890	Source_VOA
10604972	polski_ren	2947372	CK
10605139	polski_ren	10130182	ddnktr
10605142	polski_ren	10298357	DJ_Saidez
10605145	polski_ren	10298356	CK
10605196	polski_ren	261958	CK
10605645	tokzyk	6256889	CK
10606342	polski_ren	295180	CK
10606343	polski_ren	295891	CK
10606412	polski_ren	323984	CM
10607660	tokzyk	3729829	CM
10608708	polski_ren	1024811	CK
10608709	polski_ren	1024429	CK
10609344	tokzyk	272238	CK
10609792	tokzyk	10609785	Selena777
10610629	tokzyk	2032690	Amastan
10616771	tokzyk	4665397	CK
10618950	polski_ren	5738143	CM
10618955	polski_ren	4959396	CK
10619154	polski_ren	5371925	CK
10619166	polski_ren	7763835	Hybrid
10619169	polski_ren	4521691	Hybrid
10621364	tokzyk	6861808	CK
10623276	polski_ren	1754176	Spamster
10623543	polski_ren	2243651	CK
10626999	polski_ren	2245642	CK
10631710	polski_ren	10014871	SSibelty
10631711	polski_ren	25638	Zifre
10631714	polski_ren	1582025	Spamster
10631717	polski_ren	25641	CK
10631718	polski_ren	3638687	Hybrid
10633495	tokzyk	6656041	CK
10634819	tokzyk	2253844	CK
10634909	tokzyk	1025496	CK
10637919	hansolo	249333	CM
10640215	polski_ren	3272970	CK
10640237	polski_ren	9558863	shekitten
10640270	polski_ren	6761065	Hybrid
10644098	tokzyk	1954660	CK
10647710	tokzyk	10646655	cajunesque
10652890	tokzyk	5436992	confusedchild02
10652893	tokzyk	8508923	Ricardo14
10667125	igxr	10667126	igxr
10667179	igxr	10667181	igxr
10667188	igxr	10667189	igxr
10667413	igxr	10667415	igxr
10667419	igxr	4493625	CK
10667422	igxr	238776	shekitten
10667435	igxr	287837	\N
10667445	igxr	7735751	CK
10667673	igxr	8946650	sundown
10667696	igxr	7120611	CM
10667700	igxr	39570	CK
10667706	igxr	21841	CK
10667897	igxr	7737631	CK
10667909	igxr	7134375	CK
10667926	igxr	3156803	CK
10667945	igxr	8340439	CK
10667952	igxr	2712523	CK
10667958	igxr	7389090	CH
10668184	igxr	1776561	Amastan
10668200	igxr	325753	CK
10668208	igxr	8013606	OsoHombre
10668254	igxr	8415924	CK
10668263	igxr	10337036	DJ_Saidez
10668268	igxr	7137043	CK
10668272	igxr	9233005	CK
10668707	igxr	8520324	CH
10668714	igxr	9037403	CK
10668720	igxr	6342778	CK
10668746	igxr	2754538	babisT
10669257	igxr	6236183	CK
10669269	igxr	9821377	CK
10671001	igxr	7861079	Amastan
10671008	igxr	6878423	Hybrid
10671014	igxr	10023482	Amastan
10671018	igxr	6117867	CK
10695705	tokzyk	10696198	tokzyk
10695726	tokzyk	10696201	tokzyk
10695738	tokzyk	10696179	tokzyk
10695751	tokzyk	10696203	tokzyk
10695785	tokzyk	9678207	moxy
10695826	tokzyk	10696170	tokzyk
10695886	tokzyk	10695891	tokzyk
10695933	tokzyk	10696173	tokzyk
10695934	tokzyk	10696196	tokzyk
10696022	tokzyk	10696175	tokzyk
10696036	tokzyk	10696176	tokzyk
10696039	tokzyk	10696177	tokzyk
10696225	tokzyk	6042665	mailohilohi
10696233	tokzyk	10696234	tokzyk
10699302	tokzyk	10699300	tokzyk
10699305	tokzyk	7765030	Hybrid
10700703	vxern	10700635	sundown
10701882	tokzyk	10701881	tokzyk
10701997	tokzyk	10701243	AlanF_US
10702018	tokzyk	10701244	AlanF_US
10704070	vxern	10704071	vxern
10705812	Balamax	6261472	CK
10707132	evabarczak	5975822	Adelpa
10710872	evabarczak	5279017	Hybrid
10720154	Brbn88	7439711	CH
10720157	Brbn88	5848471	CK
10720159	Brbn88	63880	CM
10737508	hecko	7400443	CH
10750379	evabarczak	6698431	CK
10756017	hecko	35070	CM
10756033	hecko	295182	CM
10756043	hecko	1572628	corvard
10756057	hecko	41597	Swift
10756646	hecko	3725890	CM
10760670	hecko	39410	CK
10760673	hecko	237826	\N
10760680	hecko	3022468	sharptoothed
10761955	hecko	21807	RJH
10761956	hecko	5313708	csmjj
10761978	hecko	10724456	Vanilla
10761997	hecko	10702106	AlanF_US
10761999	hecko	10702105	AlanF_US
10762000	hecko	10702120	AlanF_US
10762122	hecko	2270169	_undertoad
10768428	zlisia	7117507	CM
10770563	hecko	60793	CK
10770574	hecko	253630	hecko
10770580	hecko	272232	hecko
10770842	hecko	3904096	CH
10771135	hecko	10491114	CK
10771680	hecko	1931181	al_ex_an_der
10772127	hecko	681307	Source_VOA
10772256	hecko	8557002	Amastan
10772259	hecko	10042913	sundown
10772291	hecko	18103	CK
10772515	hecko	5379573	DostKaplan
10772518	hecko	906825	CK
10772560	hecko	4016529	CK
10772861	hecko	4269268	AlanF_US
10772986	hecko	3731024	CM
10773794	hecko	293612	hecko
10773796	hecko	60039	CK
10773798	hecko	9981259	sundown
10773981	hecko	1389675	Spamster
10774036	hecko	5933740	mailohilohi
10774160	hecko	2335905	CK
10775152	hecko	275932	CM
10775153	hecko	45129	Zifre
10776641	hecko	47721	CM
10776711	hecko	1722077	al_ex_an_der
10776723	hecko	7277444	Hybrid
10776784	hecko	23268	CC
10776789	hecko	3336748	danepo
10776790	hecko	681104	Source_VOA
10776824	hecko	10660448	AlanF_US
10776826	hecko	4174314	doehae
10776856	hecko	777279	CK
10776860	hecko	5358239	Hybrid
10777135	hecko	6482423	CK
10777630	hecko	9934477	ddnktr
10781015	hecko	3330749	Aleksandros
10781143	hecko	5550030	verdastelo9604
10781185	hecko	60560	orcrist
10782528	hecko	4424552	mervert1
10785813	hecko	311207	CM
10786325	hecko	10786320	hecko
10786426	hecko	482156	MUIRIEL
10791134	Balamax	932021	miry
10792107	hecko	10792108	hecko
10793789	hecko	1730025	CM
10793812	hecko	707168	papabear
10794047	hecko	10793742	megamanenm
10794107	hecko	10794108	hecko
10794240	hecko	7968164	Esto
10794242	hecko	7968164	Esto
10797333	evabarczak	1336430	Eldad
10798977	sebek5000	2949976	Hybrid
10807985	Shounen	10807974	Amastan
10808591	sebek5000	10808596	sebek5000
10810091	sebek5000	10810104	sebek5000
10812383	sebek5000	10812385	sebek5000
10817619	sebek5000	7150933	OsoHombre
10817622	sebek5000	3911354	CH
10824016	sebek5000	2539111	CK
10828533	sebek5000	10828544	sebek5000
10849497	Shounen	5167988	Hybrid
10849945	janTuki	10624438	CK
10849947	janTuki	10849768	ddnktr
10867580	sebek5000	10867582	sebek5000
10874294	polski_ren	15976	Swift
10874299	polski_ren	19599	CK
10874308	polski_ren	29687	CK
10899076	polski_ren	274906	CM
10899336	polski_ren	10652682	sundown
10931168	hecko	316340	CK
10954481	GabrielPires	10954168	GabrielPires
10963593	vxern	11468359	Blejert
10967257	janTuki	10961082	CK
10982386	hecko	8913147	deniko
10987273	hecko	10987271	Amastan
10987348	hecko	34797	CM
10987351	hecko	9977519	sundown
10987358	hecko	3390184	_undertoad
10990385	hecko	6717284	OsoHombre
10990391	hecko	9986636	sundown
10990393	hecko	4454342	Ooneykcall
10990400	hecko	10793953	ddnktr
10990403	hecko	21323	SadeN
10990404	hecko	1549295	trieuho
10992745	hecko	324971	CK
10993530	hecko	8902957	shekitten
10993553	hecko	295096	CM
10996834	hecko	2601295	AlanF_US
10996849	hecko	8807175	carlosalberto
10996857	hecko	5046223	Hybrid
10998474	hecko	10669132	Amastan
10999672	hecko	7397846	CH
10999947	hecko	3281768	Hybrid
10999951	hecko	6106353	mailohilohi
10999952	hecko	6106354	mailohilohi
11002688	hecko	293395	CM
11002710	hecko	8919910	sundown
11002872	hecko	238160	CK
11002949	hecko	3188589	patgfisher
11002986	hecko	9602023	CK
11003277	hecko	3399636	Hybrid
11003373	hecko	3124781	CK
11008318	hecko	10668547	DJ_Saidez
11009471	hecko	11004576	CM
11009511	hecko	11003429	CM
11011394	hecko	11003467	CM
11011543	hecko	9353145	DJ_Saidez
11011561	hecko	9194812	DJ_Saidez
11011565	hecko	9177415	carlosalberto
11011672	hecko	10999988	CM
11012034	hecko	11004518	CM
11012035	hecko	11004518	CM
11012041	hecko	11003464	CM
11015380	hecko	11015376	hecko
11099927	janTuki	6662731	CK
11119131	MarekMazurkiewicz	11119130	MarekMazurkiewicz
11123644	MarekMazurkiewicz	5571928	zumley
11131552	MarekMazurkiewicz	11131550	MarekMazurkiewicz
11131867	MarekMazurkiewicz	11131864	MarekMazurkiewicz
11135263	MarekMazurkiewicz	11135262	MarekMazurkiewicz
11136346	MarekMazurkiewicz	11136345	MarekMazurkiewicz
11142784	Nastolatka	4664568	CK
11142798	Nastolatka	3410799	CK
11150360	RavenGuardian	11150365	RavenGuardian
11150379	RavenGuardian	11150380	RavenGuardian
11150384	RavenGuardian	11150386	RavenGuardian
11164512	MarekMazurkiewicz	11164499	MarekMazurkiewicz
11164606	MarekMazurkiewicz	11164603	MarekMazurkiewicz
11164612	MarekMazurkiewicz	11164513	MarekMazurkiewicz
11164733	MarekMazurkiewicz	11164731	MarekMazurkiewicz
11182353	Shounen	7815370	CK
11194652	MarekMazurkiewicz	11194648	MarekMazurkiewicz
11206958	janTuki	6823896	CK
11215652	MarekMazurkiewicz	11215651	MarekMazurkiewicz
11215663	MarekMazurkiewicz	11215662	MarekMazurkiewicz
11215665	MarekMazurkiewicz	11215664	MarekMazurkiewicz
11219829	janTuki	11217998	carlosalberto
11234058	hecko	55680	CK
11234594	hecko	2571301	Hybrid
11234943	janTuki	10861532	Amastan
11241836	hecko	3909199	CH
11242052	hecko	7918407	fpp
11247583	hecko	1029781	CK
11247960	hecko	9636937	DJ_Saidez
11247965	hecko	2799737	CM
11247971	hecko	3862657	Amastan
11248446	hecko	8832008	shekitten
11250086	hecko	11250089	hecko
11250218	hecko	10134406	DJ_Saidez
11252503	hecko	9054474	carlosalberto
11252525	hecko	6548556	carlosalberto
11255695	hecko	296449	CK
11259631	hecko	2941104	patgfisher
11259632	hecko	2941104	patgfisher
11260341	Milenka	3904882	CH
11261038	Milenka	11256968	mutskt
11261112	Milenka	11260962	ddnktr
11262010	Milenka	8691003	Hybrid
11263074	Milenka	8373826	Amastan
11264331	Milenka	11578388	sundown
11265906	hecko	11265901	hecko
11266008	hecko	2886588	AlanF_US
11267752	hecko	11267747	hecko
11269065	hecko	5949177	nickyeow
11275403	Milenka	11274278	carlosalberto
11275506	hecko	11275505	cRoOnCh
11279941	hecko	8424499	Yoihableak
11298090	Milenka	9331302	sundown
11300890	carlosalberto	11300705	carlosalberto
11304071	carlosalberto	11304042	carlosalberto
11305506	hecko	10815403	megamanenm
11305515	hecko	8555018	ET
11310193	carlosalberto	11310105	carlosalberto
11311933	carlosalberto	11311812	carlosalberto
11316370	carlosalberto	11316317	carlosalberto
11318012	carlosalberto	11317935	carlosalberto
11318127	jezykiija	11318087	chaule3
11318133	jezykiija	11318116	chaule3
11318267	jezykiija	8850994	deniko
11318353	jezykiija	8229085	meshbags
11318430	jezykiija	1669948	Spamster
11318460	jezykiija	8216133	CK
11318473	carlosalberto	11318210	chaule3
11318890	jezykiija	17461	jakov
11318963	jezykiija	10294701	CK
11319069	jezykiija	8536471	CH
11319088	jezykiija	5450796	CK
11319153	jezykiija	6049275	CK
11319283	jezykiija	10687304	sundown
11319304	jezykiija	6794892	Eccles17
11319312	jezykiija	2810779	xylian
11321518	carlosalberto	11321494	carlosalberto
11324058	jezykiija	7856682	Amastan
11335487	carlosalberto	11335449	carlosalberto
11335558	carlosalberto	11335504	carlosalberto
11344662	Nicofisi	3185589	CK
11346185	carlosalberto	11346061	carlosalberto
11352336	Bilberry	3162196	CK
11354760	carlosalberto	11354705	carlosalberto
11354849	carlosalberto	11354784	carlosalberto
11354947	carlosalberto	11354871	carlosalberto
11357735	carlosalberto	11357661	carlosalberto
11360572	carlosalberto	11360532	carlosalberto
11363862	carlosalberto	11363815	carlosalberto
11373031	carlosalberto	11372998	carlosalberto
11383417	hansolo	11383419	hansolo
11388262	carlosalberto	11388191	carlosalberto
11393579	Tomash	427789	witbrock
11400921	carlosalberto	11400789	carlosalberto
11418696	carlosalberto	11418664	carlosalberto
11427099	carlosalberto	11427042	carlosalberto
11441721	carlosalberto	11441510	carlosalberto
11450988	carlosalberto	11450936	carlosalberto
11451411	carlosalberto	11451285	carlosalberto
11464751	Blejert	7241104	CK
11464759	Blejert	6250053	CK
11464765	Blejert	4036836	eeyinn
11464798	Blejert	3933142	Amastan
11467058	janTuki	12940939	araneo
11474907	carlosalberto	11474870	carlosalberto
11474923	carlosalberto	11474909	carlosalberto
11475736	maria_lysik	1427343	CK
11478778	sam	7833781	CK
11481170	carlosalberto	11481138	carlosalberto
11484702	carlosalberto	2877541	CK
11488219	carlosalberto	58708	CK
11492231	carlosalberto	11492211	carlosalberto
11496809	carlosalberto	11496767	carlosalberto
11496879	carlosalberto	11496861	carlosalberto
11497100	carlosalberto	11497073	carlosalberto
11502784	carlosalberto	11502473	carlosalberto
11516385	carlosalberto	72625	\N
11517599	carlosalberto	2649648	sharptoothed
11517921	carlosalberto	11517886	carlosalberto
11517972	carlosalberto	11517941	carlosalberto
11519711	carlosalberto	11519691	carlosalberto
11521496	carlosalberto	11521467	carlosalberto
11521527	carlosalberto	11521507	carlosalberto
11523726	carlosalberto	11523704	carlosalberto
11523770	carlosalberto	11523737	carlosalberto
11524084	carlosalberto	11524065	carlosalberto
11524396	carlosalberto	11524236	carlosalberto
11524587	carlosalberto	11524538	carlosalberto
11526003	carlosalberto	11525974	carlosalberto
11526379	carlosalberto	11526319	carlosalberto
11526436	carlosalberto	11526403	carlosalberto
11526487	carlosalberto	11526445	carlosalberto
11526540	carlosalberto	11526517	carlosalberto
11529265	carlosalberto	11529249	carlosalberto
11531798	carlosalberto	11531748	carlosalberto
11531825	carlosalberto	11531806	carlosalberto
11533594	tokzyk	2288913	CK
11533614	tokzyk	2275245	CK
11533701	tokzyk	2541454	CK
11533910	tokzyk	1779748	Spamster
11533926	tokzyk	20676	CK
11533981	carlosalberto	11533954	carlosalberto
11534698	carlosalberto	11534652	carlosalberto
11536066	tokzyk	3439451	CK
11536925	carlosalberto	11536843	carlosalberto
11539807	carlosalberto	11539772	carlosalberto
11548093	carlosalberto	11548070	carlosalberto
11549533	carlosalberto	11549474	carlosalberto
11560134	carlosalberto	11560086	carlosalberto
11561135	carlosalberto	11561118	carlosalberto
11561155	carlosalberto	11561137	carlosalberto
11562173	carlosalberto	11562151	carlosalberto
11562659	carlosalberto	11562639	carlosalberto
11564292	carlosalberto	11564273	carlosalberto
11565413	tokzyk	3513525	Hybrid
11570743	tomsito	3656326	alaptibor
11572239	carlosalberto	11572221	carlosalberto
11573504	tokzyk	6255628	CK
11573539	tokzyk	302686	CK
11575410	tokzyk	2144592	oneconor
11575746	carlosalberto	1787050	Spamster
11576029	carlosalberto	11576001	carlosalberto
11577890	carlosalberto	11577874	carlosalberto
11577945	carlosalberto	11577928	carlosalberto
11578067	carlosalberto	11578040	carlosalberto
11580498	carlosalberto	11580480	carlosalberto
11581354	polski_ren	9363042	CK
11581373	polski_ren	9502314	CK
11581385	polski_ren	9180313	CK
11581529	polski_ren	2203448	CK
11581597	polski_ren	1416883	CK
11581988	carlosalberto	11581904	carlosalberto
11582380	carlosalberto	11582357	carlosalberto
11587002	carlosalberto	11586962	carlosalberto
11589707	carlosalberto	11589674	carlosalberto
11590452	tokzyk	574634	Zac2333
11590929	hecko	682463	Source_VOA
11599911	tokzyk	2105	CK
11600382	tokzyk	1533421	Eldad
11610904	tokzyk	8192465	CK
11624973	tokzyk	4665184	CK
11627635	carlosalberto	11627634	carlosalberto
11631722	carlosalberto	11629688	carlosalberto
11654162	carlosalberto	11654155	carlosalberto
11656871	carlosalberto	11656868	carlosalberto
11661478	tokzyk	10999858	sundown
11663786	carlosalberto	11663779	carlosalberto
11664499	carlosalberto	11664497	carlosalberto
11668837	carlosalberto	11668831	carlosalberto
11678628	qmak	9980440	Amastan
11679693	carlosalberto	11679684	carlosalberto
11700928	mojeanin	8403813	Amastan
11700945	mojeanin	6435747	CK
11723021	tokzyk	319566	Eldad
11730946	mojeanin	12674367	JimiYoru
11747350	mojeanin	2537545	CK
11747358	mojeanin	7803140	sharris123
11747359	mojeanin	2601251	AlanF_US
11747380	mojeanin	5737503	CM
11749866	mojeanin	11557420	CK
11749870	mojeanin	3820224	CK
11749895	mojeanin	7521096	CK
11749906	mojeanin	10519116	CK
11750117	mojeanin	11748119	CK
11750120	mojeanin	11748017	CK
11750126	mojeanin	11747174	CK
11751517	mojeanin	11750550	CK
11751518	mojeanin	11750549	CK
11752075	mojeanin	12084099	sundown
11758136	carlosalberto	11758133	carlosalberto
11758590	carlosalberto	9194960	CK
11764996	mojeanin	7402517	CH
11783873	carlosalberto	11783801	carlosalberto
11795328	carlosalberto	11795317	carlosalberto
11835151	thehomeless56	6664766	CK
11835156	thehomeless56	8387603	Amastan
11836097	carlosalberto	11836092	carlosalberto
11844681	carlosalberto	11844657	carlosalberto
11844841	carlosalberto	11844833	carlosalberto
11844936	carlosalberto	11844934	carlosalberto
11847375	carlosalberto	11847367	carlosalberto
11860729	hecko	10822013	ddnktr
11865560	carlosalberto	11865556	carlosalberto
11878340	carlosalberto	11878333	carlosalberto
11884633	carlosalberto	11884631	carlosalberto
11885109	carlosalberto	11885102	carlosalberto
11894813	carlosalberto	11894807	carlosalberto
11900888	carlosalberto	11900886	carlosalberto
11914894	carlosalberto	11914890	carlosalberto
11916343	Balamax	11916330	Balamax
12004819	carlosalberto	12004788	carlosalberto
12005235	Silvanka	12674358	JimiYoru
12007940	carlosalberto	12007893	carlosalberto
12019632	carlosalberto	12019600	carlosalberto
12036561	jimbojim	5305603	CK
12036962	jimbojim	2951586	CK
12036982	jimbojim	7704633	CK
12036984	jimbojim	4999700	CK
12036997	jimbojim	7170163	CK
12040336	jimbojim	12997936	araneo
12040340	jimbojim	1334994	CK
12040392	jimbojim	8264190	CK
12040433	jimbojim	4497281	CK
12040434	jimbojim	8159684	Ergulis
12040470	jimbojim	249396	CK
12040477	jimbojim	8405597	Amastan
12040547	jimbojim	11227651	sundown
12040566	jimbojim	9823432	CK
12040584	jimbojim	5518764	CK
12040591	jimbojim	8371572	CK
12040597	jimbojim	11163801	ddnktr
12040606	jimbojim	6422169	CF
12040608	jimbojim	1094273	CK
12040618	jimbojim	11549642	Nuel
12040627	jimbojim	10923229	CM
12040866	jimbojim	303301	CM
12040887	jimbojim	10831763	sundown
12040900	jimbojim	56825	CK
12040920	jimbojim	923973	cris
12040926	jimbojim	8456572	CK
12040952	jimbojim	7126984	CM
12040966	jimbojim	10910785	Ergulis
12040973	jimbojim	10803891	ddnktr
12040996	jimbojim	10965688	sundown
12041057	jimbojim	11695163	sundown
12041081	jimbojim	7392658	CH
12041087	jimbojim	405048	CK
12041115	jimbojim	9443652	CK
12041117	jimbojim	10061621	CK
12041186	jimbojim	5297070	mailohilohi
12041245	jimbojim	568302	CK
12041267	jimbojim	7492889	CK
12041271	jimbojim	8977569	dzouras
12041275	jimbojim	10732688	CK
12044064	jimbojim	6236288	CK
12044086	jimbojim	6823934	CK
12044092	jimbojim	2958292	CK
12044120	jimbojim	3555035	Hybrid
12044129	jimbojim	3163264	Hybrid
12044144	jimbojim	2956754	CK
12044173	jimbojim	2712688	CK
12044177	jimbojim	10560517	sacredceltic
12044192	jimbojim	791834	darinmex
12044198	jimbojim	9049470	soliloquist
12044210	jimbojim	10839459	ella695
12044213	jimbojim	6374349	OsoHombre
12044219	jimbojim	8529111	CH
12045079	jimbojim	6433074	CK
12045097	jimbojim	9788075	Amastan
12045105	jimbojim	1209495	CM
12045111	jimbojim	6268799	CK
12045139	jimbojim	73734	CK
12045148	jimbojim	9794254	helloroto
12046648	jimbojim	9999803	CK
12053348	jimbojim	3258586	sundown
12053362	jimbojim	887357	CK
12053376	jimbojim	6815418	shekitten
12053383	jimbojim	2628154	Hybrid
12053384	jimbojim	10992136	CK
12053389	jimbojim	4079229	Lepotdeterre
12053391	jimbojim	1782737	Amastan
12053415	jimbojim	6949886	CK
12053424	jimbojim	10098075	DJ_Saidez
12054905	jimbojim	5737124	CM
12054924	jimbojim	799346	papabear
12054931	jimbojim	11887400	Amastan
12054947	jimbojim	8395231	Smoky
12054980	jimbojim	803204	Source_VOA
12054983	jimbojim	4660573	Hybrid
12054990	jimbojim	2986514	CK
12057605	carlosalberto	12057192	carlosalberto
12058141	jimbojim	284022	CK
12058148	jimbojim	4922024	gustonrankin
12058157	jimbojim	4496563	CK
12058166	jimbojim	7379584	CF
12058169	jimbojim	870514	sundown
12058173	jimbojim	11421106	Agestur
12058177	jimbojim	5008893	CK
12058197	jimbojim	1887413	CK
12058207	jimbojim	6343401	CK
12058219	jimbojim	1090346	CH
12058881	carlosalberto	12058814	carlosalberto
12059929	carlosalberto	12059896	carlosalberto
12060163	carlosalberto	12060114	carlosalberto
12060404	jimbojim	2891693	CK
12060413	jimbojim	4665904	CK
12060423	jimbojim	10601302	Pineapple
12060449	jimbojim	7633750	CK
12060518	jimbojim	11887482	Amastan
12060532	jimbojim	11124651	Ergulis
12060559	jimbojim	7737452	CK
12060569	MarekMazurkiewicz	12060566	MarekMazurkiewicz
12061523	uvenit127	5736160	CM
12061572	uvenit127	8887217	CK
12061580	uvenit127	11934251	Fenrir
12061612	uvenit127	5259308	CK
12061832	uvenit127	5736168	CM
12061835	uvenit127	3722327	CM
12061837	uvenit127	6248595	CK
12061880	uvenit127	5736173	CM
12061901	uvenit127	10624189	AlanF_US
12061920	uvenit127	6666425	CK
12061927	uvenit127	5851668	CK
12061937	uvenit127	5506518	confusedchild02
12061947	uvenit127	6224155	CK
12062007	uvenit127	3582558	vvv123
12062014	uvenit127	10593442	felidad
12062021	uvenit127	9975344	Amastan
12062036	uvenit127	788259	hrin
12062054	uvenit127	6033853	mailohilohi
12062059	uvenit127	9807601	CK
12062199	uvenit127	11579717	Nuel
12062200	uvenit127	11579717	Nuel
12062201	uvenit127	11579717	Nuel
12062206	uvenit127	3825098	CK
12062233	uvenit127	6712667	arh
12062255	uvenit127	10167426	CK
12062256	uvenit127	10167426	CK
12062318	uvenit127	6385561	OsoHombre
12062346	uvenit127	7520767	CK
12062377	uvenit127	5739553	CM
12063886	jimbojim	8187557	Hybrid
12063902	jimbojim	3500864	CK
12068964	jimbojim	2055277	Dejo
12068984	jimbojim	3608444	Jan_Schreiber
12068987	jimbojim	2258148	_undertoad
12068999	jimbojim	2954544	CK
12069000	jimbojim	9150574	CK
12069033	jimbojim	3736447	CK
12069066	jimbojim	1495762	CK
12069320	jimbojim	9960690	sundown
12069400	jimbojim	8008552	dmaddock
12072936	jimbojim	3727591	CM
12072938	jimbojim	2324062	Hybrid
12072962	jimbojim	1979830	FlamingTofu
12077642	jimbojim	9169185	DJ_Saidez
12077899	jimbojim	3118249	Hybrid
12078057	carlosalberto	12078019	carlosalberto
12085323	jimbojim	7401884	CH
12087368	carlosalberto	12087312	carlosalberto
12097156	jimbojim	2712779	CK
12105777	carlosalberto	12105757	carlosalberto
12105843	carlosalberto	12105800	carlosalberto
12110317	carlosalberto	12108765	Cangarejo
12124587	carlosalberto	12124584	carlosalberto
12129510	carlosalberto	12129504	carlosalberto
12130897	carlosalberto	10876375	carlosalberto
12132739	carlosalberto	12132731	carlosalberto
12135439	carlosalberto	12135436	carlosalberto
12135466	carlosalberto	12135464	carlosalberto
12135520	hecko	8749085	fishda
12136089	evabarczak	4984570	mailohilohi
12137041	carlosalberto	12137038	carlosalberto
12139425	carlosalberto	12139416	carlosalberto
12140007	carlosalberto	12140003	carlosalberto
12140485	carlosalberto	12140481	CK
12144742	carlosalberto	11162092	jummy
12145637	carlosalberto	12145597	carlosalberto
12147268	mwgamera	3918314	CH
12149316	carlosalberto	12149289	carlosalberto
12149381	carlosalberto	12149360	carlosalberto
12153191	carlosalberto	12153189	carlosalberto
12154157	carlosalberto	12154151	carlosalberto
12161789	hecko	242860	sundown
12161807	hecko	2605296	WestofEden
12179033	polski_ren	9525354	CK
12179044	polski_ren	805371	Source_VOA
12180463	polski_ren	4494190	CK
12180464	polski_ren	7872938	Hybrid
12180480	polski_ren	4718980	hinto4
12180483	polski_ren	1095142	CK
12180484	polski_ren	11490769	CK
12180487	polski_ren	7781944	shekitten
12180488	polski_ren	9939460	ddnktr
12180507	polski_ren	285932	CK
12180510	polski_ren	276043	CM
12182522	polski_ren	10092598	espamatics
12184230	polski_ren	2546837	CK
12186205	polski_ren	7126423	CM
12186213	polski_ren	5355268	mailohilohi
12187529	polski_ren	6255363	CK
12187532	polski_ren	1817315	Amastan
12187534	polski_ren	12131184	CK
12187546	polski_ren	6253745	CK
12188605	polski_ren	5355544	mailohilohi
12188660	polski_ren	3151156	CK
12188668	polski_ren	10810791	carlosalberto
12188754	polski_ren	7474272	CH
12188756	polski_ren	23656	letsgolanguages
12188766	polski_ren	10738414	CK
12188828	polski_ren	25449	CK
12188832	polski_ren	8521507	CH
12188838	polski_ren	4736888	paper1n0
12188845	polski_ren	8989182	CK
12188847	polski_ren	2906622	CK
12188861	polski_ren	9381437	CK
12188869	polski_ren	297201	\N
12188898	polski_ren	9434177	Nylez
12188907	polski_ren	10694056	Amastan
12188924	polski_ren	9478055	DJ_Saidez
12188939	polski_ren	5618367	Mar1L
12189051	polski_ren	8516795	Luiaard
12189053	polski_ren	11949032	sundown
12189073	polski_ren	2243020	CK
12189078	polski_ren	5725496	CM
12189351	polski_ren	8804347	moman
12191499	polski_ren	5936610	CK
12191540	polski_ren	1257062	shanghainese
12192005	tokzyk	45320	CK
12193823	polski_ren	31147	CM
12193846	polski_ren	4012448	CK
12193937	polski_ren	11613706	tieguy
12196486	polski_ren	6575253	Eccles17
12196523	carlosalberto	9473907	CK
12196558	polski_ren	5516960	Hybrid
12196579	polski_ren	10903624	sundown
12201661	polski_ren	7167837	Sleekkat
12201691	polski_ren	7917597	fpp
12202525	polski_ren	407080	FeuDRenais
12202530	polski_ren	785358	Zifre
12202537	polski_ren	629816	Snout
12203365	carlosalberto	12203339	carlosalberto
12203683	polski_ren	5958488	CK
12203688	polski_ren	12086624	sundown
12206626	mwgamera	2703217	Hybrid
12211068	carlosalberto	12211005	carlosalberto
12211786	polski_ren	1758816	loghaD
12213448	polski_ren	906872	CK
12213483	polski_ren	3670421	AlanF_US
12214413	tokzyk	2548956	CK
12225623	polski_ren	11648845	CK
12225688	polski_ren	10745644	ddnktr
12227248	polski_ren	12079291	Amastan
12227250	polski_ren	543551	darinmex
12227261	polski_ren	43975	CM
12227335	polski_ren	5161355	CarpeLanam
12229080	polski_ren	7319707	Luiaard
12229093	polski_ren	12107611	Nuel
12229095	polski_ren	9159316	sundown
12229103	polski_ren	1562122	CC
12229109	polski_ren	11109350	maaster
12229118	polski_ren	275266	\N
12229249	polski_ren	5705355	CK
12229259	polski_ren	4474954	Hybrid
12231272	polski_ren	240859	CM
12231279	polski_ren	1256896	\N
12231281	polski_ren	1256897	\N
12231292	polski_ren	2717896	WestofEden
12231302	polski_ren	8828413	carlosalberto
12232683	polski_ren	9034367	Luk3
12232693	polski_ren	11904948	Amastan
12232696	polski_ren	239261	CM
12232706	polski_ren	2233738	CK
12232719	polski_ren	317479	Zifre
12232777	polski_ren	10270607	sundown
12238101	carlosalberto	258001	CK
12239889	polski_ren	2246050	CK
12239943	polski_ren	370555	saeb
12239948	polski_ren	680810	Source_VOA
12239983	polski_ren	5631807	mailohilohi
12240049	polski_ren	5741545	mailohilohi
12240050	polski_ren	10230776	Amastan
12240058	polski_ren	4363174	mervert1
12240062	polski_ren	6709318	Hybrid
12240080	polski_ren	1723931	belgavox
12247467	polski_ren	3755699	tanay
12247484	polski_ren	8815034	sundown
12247486	polski_ren	10703009	sundown
12249069	polski_ren	10936974	JeanM
12249073	polski_ren	9477197	CK
12249075	polski_ren	60581	Dejo
12249096	polski_ren	314986	CK
12249099	polski_ren	20996	shekitten
12259306	polski_ren	680233	Source_VOA
12259313	polski_ren	7218542	maaster
12259324	polski_ren	270441	CK
12259369	polski_ren	707022	papabear
12259370	polski_ren	8311922	GuidoW
12259372	polski_ren	804305	Source_VOA
12259401	polski_ren	5018470	jayrod84
12259413	polski_ren	9493117	sundown
12259428	polski_ren	11462812	ddnktr
12259430	polski_ren	1026658	CK
12259432	polski_ren	276772	Zifre
12259436	polski_ren	27221	speedwell
12259451	polski_ren	49927	CK
12259453	polski_ren	60907	CM
12259456	polski_ren	275491	CK
12259457	polski_ren	10153718	CK
12260873	polski_ren	44182	\N
12260880	polski_ren	55135	\N
12260889	polski_ren	272889	CM
12260893	polski_ren	269242	CK
12260915	polski_ren	301313	Dejo
12260918	polski_ren	272433	CM
12260922	polski_ren	256512	CK
12260924	polski_ren	296848	CK
12260926	polski_ren	241415	CK
12260928	polski_ren	10650301	sundown
12262389	polski_ren	58281	CK
12268390	polski_ren	10862533	Amastan
12268609	polski_ren	3825500	CK
12268612	polski_ren	5134101	Joseph
12268715	polski_ren	7779724	AlanF_US
12269425	polski_ren	10159528	ddnktr
12269432	polski_ren	8200318	Amastan
12269458	polski_ren	2323302	CK
12271000	polski_ren	6088798	mailohilohi
12281458	polski_ren	1723117	belgavox
12285672	polski_ren	4087658	CK
12285674	polski_ren	267927	CK
12285685	polski_ren	10856732	Amastan
12285690	polski_ren	325614	CM
12285692	polski_ren	9136724	Hybrid
12285693	polski_ren	10512726	sundown
12299125	carlosalberto	10536844	CK
12302145	polski_ren	6616557	Eccles17
12302146	polski_ren	6898470	CK
12302163	polski_ren	1944042	Spamster
12302165	polski_ren	9144010	CK
12307217	polski_ren	6325189	Adelpa
12312090	carlosalberto	6260289	CK
12317358	carlosalberto	2259665	_undertoad
12326687	polski_ren	9802751	Nylez
12329101	carlosalberto	25401	carlosalberto
12334675	mwgamera	5368652	Hybrid
12334680	mwgamera	2757599	Neverin
12334684	mwgamera	5757635	CM
12334685	mwgamera	6821971	CK
12334712	mwgamera	10069657	espamatics
12337363	mwgamera	2142641	Dreamk33
12341514	carlosalberto	28141	lweendela
12350992	uvenit127	1313	Zifre
12351015	uvenit127	1549	steverules123
12351022	uvenit127	1611	papabear
12351024	uvenit127	1616	CK
12351059	uvenit127	2298	CM
12351076	uvenit127	9594	CK
12351128	uvenit127	16584	CK
12352521	carlosalberto	12352431	carlosalberto
12353561	carlosalberto	11041654	carlosalberto
12354361	carlosalberto	11044572	carlosalberto
12359675	arie	10733853	frzzl
12359714	arie	1674447	garydale
12359731	arie	1989070	ddnktr
12359743	arie	2097234	gleki
12359769	arie	2491796	AlanF_US
12359770	arie	2612634	Hybrid
12359772	arie	2612634	Hybrid
12359827	arie	8441612	soliloquist
12359833	arie	7163903	CK
12359841	arie	10702858	sundown
12359852	arie	6663813	CK
12359877	arie	6115563	CK
12359921	arie	6577787	OsoHombre
12359925	arie	12036563	Amastan
12359938	arie	3729346	CM
12359939	arie	3729346	CM
12359940	arie	3729346	CM
12360036	arie	9359788	CK
12360060	arie	9188714	CK
12360132	arie	5828670	CK
12360157	arie	5828959	CK
12360162	arie	6048309	CK
12360176	arie	8908860	CK
12375503	polski_ren	8017978	CK
12378945	polski_ren	7814863	Objectivesea
12379543	polski_ren	35850	Dejo
12379552	polski_ren	12256143	sundown
12379558	polski_ren	30143	AlanF_US
12384985	polski_ren	5820874	mailohilohi
12384990	polski_ren	2669412	nancy
12386253	nonstopenglish	5424327	CK
12386254	nonstopenglish	3422104	CK
12401009	polski_ren	12106389	Amastan
12401031	polski_ren	10809838	ddnktr
12438396	polski_ren	806974	Source_VOA
12438397	polski_ren	282299	\N
12450178	polski_ren	678274	darinmex
12450179	polski_ren	681626	Source_VOA
12450186	polski_ren	11490879	CK
12450194	polski_ren	316731	sundown
12450202	polski_ren	12231192	Miktsoanit
12450214	polski_ren	9273482	Nylez
12453622	Wojtanex	12715770	kontomilosza
12453649	Wojtanex	3732916	CK
12453663	Wojtanex	298491	CK
12453695	Wojtanex	3731938	CM
12453740	Wojtanex	11224852	Amastan
12453775	Wojtanex	3729560	CM
12453878	Wojtanex	1650570	Amastan
12453887	Wojtanex	2268142	_undertoad
12453898	Wojtanex	6255183	CK
12453909	Wojtanex	5789255	Eccles17
12453961	Wojtanex	4311058	richke
12453995	Wojtanex	5215568	CK
12454009	Wojtanex	2253317	_undertoad
12454012	Wojtanex	1539624	madhatter5
12454034	Wojtanex	8981586	CK
12454074	Wojtanex	9670448	CK
12454171	Wojtanex	10461489	CK
12454215	Wojtanex	4500373	CK
12454222	Wojtanex	3591186	CK
12454237	Wojtanex	5100570	Lindoula
12454249	Wojtanex	4850172	CK
12454444	Wojtanex	3446925	CK
12454464	Wojtanex	11715811	ddnktr
12454479	Wojtanex	309829	CK
12454485	Wojtanex	269968	CK
12454487	Wojtanex	3737873	CK
12454490	Wojtanex	6529652	CK
12454511	Wojtanex	7168791	CK
12454736	Wojtanex	2539441	CK
12454779	Wojtanex	9193178	CK
12457482	polski_ren	9978233	Amastan
12457489	polski_ren	3731387	CM
12461817	polski_ren	306484	CM
12466814	janko	13882216	araneo
12469840	katix824	2453188	fenfang557
12469861	katix824	12469862	katix824
12469990	katix824	10017796	ddnktr
12470007	katix824	9705683	CK
12470018	katix824	270477	shekitten
12470022	katix824	270500	CM
12470024	katix824	270509	Scott
12470054	katix824	12574285	katix824
12470065	katix824	1314	CM
12470094	katix824	12465728	CK
12470106	katix824	12464316	CK
12470156	katix824	12463565	CK
12470158	katix824	12463506	CK
12470159	katix824	12463504	CK
12470161	katix824	12463490	CK
12470188	katix824	12470185	katix824
12470190	katix824	12470184	katix824
12470191	katix824	12470183	katix824
12470273	katix824	13024817	araneo
12470337	katix824	10602832	CK
12470353	katix824	8126918	Hybrid
12470360	katix824	3446903	CK
12470363	katix824	2667412	MethodGT
12470374	katix824	6975434	Eccles17
12470391	katix824	22984	CK
12470404	katix824	412794	lunatic
12470429	katix824	4256444	Ooneykcall
12470436	katix824	4769344	garborg
12470479	katix824	12476486	katix824
12470575	katix824	11239678	ddnktr
12470597	katix824	4587245	LB
12470600	katix824	65635	CK
12470618	katix824	1488733	Spamster
12471286	katix824	12476474	katix824
12471287	katix824	12476469	katix824
12471958	\N	12469551	\N
12472954	Balamax	12413097	maaster
12473937	\N	13024814	araneo
12475623	\N	12674332	JimiYoru
12476536	katix824	1532310	Spamster
12476576	katix824	12478479	katix824
12500224	Poese	7963229	AlanF_US
12500229	Poese	5085491	Airvian
12501747	Poese	3916847	CH
12502501	Poese	10298764	terrywallwork
12564076	JimiYoru	12674317	JimiYoru
12565120	Piteris	12565122	Piteris
12567416	JimiYoru	3432739	vicky_arancia
12567418	JimiYoru	7008023	Amastan
12567474	JimiYoru	6253636	CK
12567513	JimiYoru	9676036	DJ_Saidez
12567525	JimiYoru	5749518	Hybrid
12567673	JimiYoru	2884549	CK
12567694	JimiYoru	9312618	Nylez
12567730	JimiYoru	6116982	shekitten
12572744	katix824	13001732	araneo
12574229	katix824	50862	CK
12586563	JimiYoru	12584830	anzart
12597065	carlosalberto	8858242	carlosalberto
12598560	mwgamera	4529727	CK
12602269	mwgamera	11617399	WarsawWill
12624881	katix824	12624753	rul
12624908	katix824	12624763	rul
12624930	katix824	12623164	rul
12624937	katix824	5858246	CK
12674280	JimiYoru	12668379	anzart
12678778	JimiYoru	12533468	Adelpa
12680475	JimiYoru	256975	Zifre
12681789	JimiYoru	8186215	CK
12681808	JimiYoru	4846730	CK
12681814	JimiYoru	8518464	CK
12689931	JimiYoru	6779796	Eccles17
12696081	JimiYoru	12696082	DJ_Saidez
12696327	JimiYoru	68895	CK
12696331	JimiYoru	6993383	Hybrid
12696354	JimiYoru	4682858	saluyot
12698403	JimiYoru	241851	CK
12700148	krening	12940946	araneo
12710015	JimiYoru	12051243	Rafik
12710029	JimiYoru	8398355	CK
12710040	JimiYoru	3082697	fouafouadougou
12710048	JimiYoru	26856	CK
12712045	JimiYoru	1996971	MrShoval
12715657	JimiYoru	11127258	CK
12715677	JimiYoru	10628381	AutoBot
12716072	kontomilosza	12194429	CK
12716092	kontomilosza	4630392	Amastan
12716116	kontomilosza	11744134	Amastan
12716123	kontomilosza	5958279	CK
12716135	kontomilosza	10520397	sundown
12721021	JimiYoru	9368850	CK
12728252	JimiYoru	12727188	LoverofEnglish
12728696	vxern	56082	CK
12755893	JimiYoru	322634	CM
12762083	Adelpa	12762050	Adelpa
12777132	JimiYoru	10079698	espamatics
12783327	JimiYoru	634069	Eldad
12789605	JimiYoru	12776463	Adelpa
12799826	JimiYoru	11361991	Aghanim
12819615	JimiYoru	13786095	katix824
12819616	JimiYoru	11699059	ddnktr
12832243	Rudzielec	2990210	CK
12832252	Rudzielec	10589711	AlanF_US
12832276	Rudzielec	5729202	CM
12832307	Rudzielec	8369753	CK
12832454	Rudzielec	3821302	CK
12832615	Rudzielec	1777218	Amastan
12860246	JimiYoru	2359668	CK
12861309	JimiYoru	4667247	CK
12872986	JimiYoru	12872982	Lumi
12885248	Stanislawspruss	12885110	Josephlingo
12885473	Stanislawspruss	12885360	ddnktr
12887128	Stanislawspruss	12887118	maaster
12887130	Stanislawspruss	12886990	deniko
12887133	Stanislawspruss	12886934	CK
12888150	Stanislawspruss	12887942	Ussis
12888206	Stanislawspruss	12888197	Ussis
12888766	Stanislawspruss	12888692	Josephlingo
12888794	Stanislawspruss	12888772	Josephlingo
12888800	Stanislawspruss	12888784	rul
12889065	mwgamera	12502001	Lumi
12889081	mwgamera	12883144	sundown
12889085	mwgamera	10636834	Hybrid
12889099	mwgamera	10077317	Nylez
12889108	mwgamera	10027855	Nylez
12890393	Stanislawspruss	7120616	CM
12904773	Stanislawspruss	12904652	rul
12904797	Stanislawspruss	12904593	Conjuice
12904824	Stanislawspruss	12904574	Conjuice
12904845	Stanislawspruss	12904836	araneo
12904870	Stanislawspruss	12904817	Conjuice
12904894	Stanislawspruss	12904884	Conjuice
12904928	Stanislawspruss	12904896	Conjuice
12904976	Stanislawspruss	12898712	Tom9358
12904987	Stanislawspruss	12898748	Tom9358
12905034	Stanislawspruss	12899142	rul
12905088	Stanislawspruss	12899252	rul
12905090	Stanislawspruss	12899273	rul
12905106	Stanislawspruss	12899303	Ergulis
12905933	vxern	6270947	CK
12922057	deniko	3118228	Hybrid
12938488	MarekMazurkiewicz	12938490	MarekMazurkiewicz
12950825	vxern	9395988	CK
12953749	Stanislawspruss	12953370	Conjuice
12954431	Stanislawspruss	12954208	Conjuice
12954434	Stanislawspruss	12954205	Conjuice
12955509	Stanislawspruss	12955448	Conjuice
12955539	Stanislawspruss	12955139	Borbie
12955836	vxern	12955841	vxern
12956377	Stanislawspruss	12956332	Conjuice
12960320	Stanislawspruss	12960201	menaud
12960356	Stanislawspruss	12960130	rul
12960363	Stanislawspruss	12960125	rul
12960393	Stanislawspruss	12960095	rul
12960403	Stanislawspruss	12960088	rul
12960447	Stanislawspruss	12960443	rul
12963662	Piteris	12963663	Piteris
12987476	abiniz	60473	CK
12989428	carlosalberto	9146891	carlosalberto
12994776	carlosalberto	2117545	erikspen
12996189	carlosalberto	12995908	glossboss
13000330	rupledo	13000326	rupledo
13000422	rupledo	6427151	CF
13020708	DaudCaprino	954474	CK
13020709	DaudCaprino	1688753	Amastan
13020717	DaudCaprino	8345702	Ergulis
13020721	DaudCaprino	6013241	CK
13020725	DaudCaprino	10140968	DJ_Saidez
13020740	DaudCaprino	10570470	felidad
13020769	DaudCaprino	11498716	Amastan
13020810	DaudCaprino	11414215	Agestur
13020821	DaudCaprino	5756569	Hybrid
13042139	carlosalberto	13041702	Adelpa
13045935	katix824	18362	mcq
13045938	katix824	686955	ulyssemc1
13045950	katix824	52869	CM
13045996	katix824	2892435	CK
13049071	hecko	13049059	Nuel
13062238	Zdzich	12134583	CK
13074614	olobambolo	13673777	araneo
13074616	olobambolo	9476386	sundown
13081141	mwgamera	13075346	rul
13081648	katix824	6069077	CK
13081734	katix824	13047286	araneo
13081748	katix824	10172918	ddnktr
13081806	katix824	8187647	Hybrid
13111626	katix824	13111610	Babelball
13133326	rrter123	5852775	CK
13133427	rrter123	7078265	AmarMecheri
13174597	atitarev	550248	CK
13179245	vv3	13179231	Ergulis
13225393	katix824	8145803	Amastan
13264464	vv3	13786087	katix824
13264480	vv3	68785	Luornu
13264482	vv3	4501303	CK
13264484	vv3	4501303	CK
13265042	Adelpa	3123435	Hybrid
13267882	carlosalberto	13266936	Nuel
13275720	boracasli2	13273353	AlanF_US
13294972	Alogo	247461	CK
13296158	Alogo	11465019	sundown
13304283	carlosalberto	13304245	carlosalberto
13309811	NataliaOK	3476783	Hybrid
13309898	NataliaOK	681340	Source_VOA
13321176	Zdzich	238308	CK
13321188	Zdzich	9325529	megamanenm
13330522	carlosalberto	13330461	carlosalberto
13335406	Radek	12593505	CK
13335419	Radek	12593714	sundown
13335426	Radek	3475059	CK
13335434	Radek	1737630	belgavox
13335435	Radek	11184382	janTuki
13335448	Radek	3914680	CH
13335487	Radek	5849633	CK
13335491	Radek	2888125	Hybrid
13335500	Radek	13335501	Radek
13335622	Radek	5731957	CM
13335636	Radek	6249364	CK
13335759	Radek	2401178	CK
13335766	Radek	6088542	OsoHombre
13335768	Radek	6088542	OsoHombre
13335770	Radek	5757584	CM
13335993	Radek	9778972	CK
13336040	Radek	242216	CK
13336244	Radek	11698893	Amastan
13337050	Radek	6346325	CK
13337233	Radek	11251491	Amastan
13337760	Radek	6353998	CK
13337770	Radek	5620988	mailohilohi
13337780	Radek	9409603	BobbyLee
13337883	Radek	6255377	CK
13337909	Radek	55251	CM
13337916	Radek	1796877	Amastan
13338501	Radek	1771324	Amastan
13338549	Radek	11135010	CK
13339122	Radek	9934459	CK
13339151	Radek	12608445	sundown
13339624	Radek	11879760	Amastan
13340910	Alogo	68325	CK
13342310	Radek	954204	CK
13343175	Radek	7170382	CK
13343180	Radek	10073256	belvedere
13343182	Radek	13067208	rul
13343185	Radek	10754590	CK
13343203	Radek	8200666	josivangoncalves
13350281	Radek	11882992	CK
13350349	Radek	3859724	Amastan
13350495	Radek	7390882	CH
13350507	Radek	10819627	Amastan
13352326	Radek	37148	CK
13352413	Radek	9176745	DJ_Saidez
13352449	Radek	1830527	CK
13359223	\N	13356017	ninefi
13378617	Radek	10241797	LimeGreenTeknii
13378636	Radek	10459868	cheesr
13421486	Alogo	7226422	CK
13424904	Alogo	13786121	katix824
13434060	Alogo	1743481	Spamster
13451712	Alogo	59812	CM
13460866	Alogo	6567348	AlanF_US
13463156	Zdzich	711138	U2FS
13517879	Tomo77	26656	MUIRIEL
13546978	katix824	13222615	ddnktr
13560576	LordJim	2332749	orcrist
13560895	kuwasiku	13464411	CK
13561472	JimiYoru	7160460	OsoHombre
13561473	JimiYoru	7137871	OsoHombre
13561515	JimiYoru	3752917	cromwellt
13566208	vxern	13566209	vxern
13582150	ninefi	20116	CK
13583229	Alogo	7774155	CK
13604527	vxern	13604529	vxern
13604534	vxern	13604535	vxern
13607073	Rudzielec	4356495	JNQ
13607082	Rudzielec	13602321	sfgdh
13607912	Rudzielec	4014705	CK
13621690	majabezjaja	13621561	araneo
13621761	majabezjaja	13622730	araneo
13627062	majabezjaja	6961938	OsoHombre
13627066	majabezjaja	11646090	Amastan
13627087	majabezjaja	13548576	rul
13627095	majabezjaja	1820661	Amastan
13627097	majabezjaja	1816612	Amastan
13653999	Rudzielec	13175295	AlanF_US
13654007	Rudzielec	13124246	AlanF_US
13654026	Rudzielec	13067926	morbrorper
13654035	Rudzielec	5638589	sacredceltic
13654052	Rudzielec	11206376	bill
13654081	Rudzielec	2821737	sharptoothed
13654161	Rudzielec	2790240	freddy1
13654188	Rudzielec	8454248	Luiaard
13654195	Rudzielec	11812101	sundown
13654224	Rudzielec	10719020	CK
13654234	Rudzielec	13655802	araneo
13655252	Rudzielec	4473034	XenoKat
13655409	Rudzielec	7130259	CM
13655436	Rudzielec	7130237	CM
13655458	Rudzielec	7120499	CM
13655515	Rudzielec	5726308	CM
13655554	Rudzielec	11590282	Johannes_S
13655571	Rudzielec	292444	sundown
13657492	Rudzielec	11454265	ToxicFriu
13657533	Rudzielec	11178219	ddnktr
13657556	Rudzielec	2213939	Hybrid
13657567	Rudzielec	11127060	CK
13659406	Rudzielec	10765939	CK
13659416	Rudzielec	10741382	sundown
13659430	Rudzielec	238031	CM
13659514	Rudzielec	10629882	sundown
13659529	Rudzielec	10610662	CK
13661883	Rudzielec	10553384	CK
13661953	Rudzielec	5010995	Adelpa
13662088	Rudzielec	11797234	sundown
13662571	Zdzich	13668023	araneo
13668204	Rudzielec	1328485	al_ex_an_der
13669872	Rudzielec	10520487	CK
13669902	Rudzielec	10479423	CK
13669910	Rudzielec	596302	darinmex
13669918	Rudzielec	1987970	Spamster
13669942	Rudzielec	10326744	doemaar14
13669943	Rudzielec	2267807	_undertoad
13669951	Rudzielec	809938	TomSFox
13669977	Rudzielec	4493258	Ooneykcall
13677417	Rudzielec	7127578	CK
13677426	Rudzielec	10301753	CK
13677436	Rudzielec	3725523	patgfisher
13677450	Rudzielec	2267014	_undertoad
13679703	mx31	7522028	CK
13679713	mx31	7833453	shekitten
13684037	mx31	3736990	CK
13684059	mx31	8179542	Amastan
13690157	Rudzielec	10191091	sundown
13690227	Rudzielec	9317832	DJ_Saidez
13690236	Rudzielec	10123608	CK
13690238	Rudzielec	10123608	CK
13690242	Rudzielec	8773824	deniko
13690533	Rudzielec	5844775	Hybrid
13690548	Rudzielec	6172242	sundown
13692421	Rudzielec	9949227	sundown
13765592	Kolpan	7237424	OsoHombre
13765596	Kolpan	7381453	CF
13769395	Cezrun64	10348134	DJ_Saidez
13776325	Cezrun64	2273996	CK
13778291	Cezrun64	435661	kazuya00
13781328	Cezrun64	304896	CK
13782688	Just_Balls	12775953	Igider
13782727	Just_Balls	3097816	\N
13783286	Just_Balls	13582034	Native77
13783298	Just_Balls	13450391	rul
13783745	Just_Balls	7849944	Hybrid
13784873	Just_Balls	13784872	Just_Balls
13784905	Just_Balls	13784904	Just_Balls
13785405	Just_Balls	4015598	CK
13786001	katix824	3527019	VilhelmsPort
13786409	Cezrun64	12469943	katix824
13786970	Just_Balls	13786966	Just_Balls
13788035	Just_Balls	13788034	Just_Balls
13788607	Just_Balls	11598799	Adelpa
13789235	Just_Balls	13789231	Just_Balls
13789258	Just_Balls	13789257	Just_Balls
13789420	Just_Balls	13789419	Just_Balls
13789602	Just_Balls	13789596	Just_Balls
13791048	Just_Balls	13791047	Just_Balls
13791049	Just_Balls	13791047	Just_Balls
13791054	Just_Balls	13791052	Just_Balls
13791987	Just_Balls	13791983	Just_Balls
13792024	Just_Balls	13792020	Just_Balls
13797431	Just_Balls	13797430	Just_Balls
13797953	Just_Balls	13797947	Just_Balls
13798079	Just_Balls	13798057	Just_Balls
13799345	Just_Balls	13799340	Just_Balls
13799347	Just_Balls	13799340	Just_Balls
13799375	Just_Balls	13799373	Just_Balls
13799399	Just_Balls	13799398	Just_Balls
13802148	Just_Balls	13802143	Just_Balls
13804054	Just_Balls	13804052	Just_Balls
13804833	Oktopusek	6705504	CK
13806385	Oktopusek	6222165	CK
13806386	Oktopusek	4013369	CK
13812702	DaudCaprino	3472378	CK
13832498	Just_Balls	13832497	Just_Balls
13899302	vxern	13904180	araneo
13899306	vxern	13904173	araneo
13899313	vxern	13904163	araneo
13929831	rul	8200096	Amastan
13929895	araneo	13929896	araneo
13948561	szczerski	3738635	CK
13971330	Zdzich	5432169	Hybrid
13971332	Zdzich	302679	CK
14015960	mraz	14016357	araneo
14021681	polski_ren	2475	Zifre
14022547	polski_ren	17974	Zifre
14022569	polski_ren	18038	CM
14024011	AqrratWsamRaz	14024009	AqrratWsamRaz
14034485	polski_ren	13625720	CK
14034488	polski_ren	13622631	CK
14038110	AqrratWsamRaz	14038109	AqrratWsamRaz
